gamma_007.png,56,56,56,57,57,56,58,59,59,58,58,58,55,55,55,55,55,55,55,55,55,55,55,55,55,56,56,56,56,57,57,57,57,57,59,60,59,59,58,57,56,56,55,55,55,55,55,55,55,55,55,56,55,56,56,56,57,57,57,58,57,58,59,61,59,60,60,59,58,56,56,57,56,56,56,56,55,55,55,55,57,56,56,56,57,58,57,57,57,57,57,58,60,59,59,60,58,56,57,56,56,56,56,56,56,55,55,56,56,56,56,56,58,57,57,58,57,56,58,59,59,60,60,60,60,58,57,56,56,57,56,56,55,55,55,56,57,56,57,57,58,57,58,57,57,57,58,59,59,59,60,61,60,60,58,56,56,56,55,63,142,69,55,56,57,57,57,57,57,57,58,57,57,57,58,58,57,58,58,59,59,59,58,57,56,56,61,143,80,75,55,56,56,56,57,57,57,57,57,57,58,58,62,67,132,156,98,62,58,58,58,57,57,55,136,114,57,56,57,56,56,57,58,58,58,58,57,58,58,58,59,66,69,62,119,116,57,59,59,57,56,87,124,58,55,56,57,57,56,56,58,57,58,59,58,57,58,59,59,62,60,57,58,140,68,58,59,57,68,156,67,56,57,57,57,56,56,56,57,58,59,58,58,58,59,59,60,59,58,57,56,68,149,58,58,56,144,108,58,57,57,57,57,57,56,58,58,57,59,58,58,58,59,59,58,57,58,58,57,55,136,72,57,75,144,60,57,57,58,57,57,57,57,57,57,58,59,58,58,58,58,57,58,58,58,58,58,57,103,112,60,159,70,55,57,57,57,57,57,57,57,57,57,58,59,58,57,57,58,57,57,59,59,59,59,58,87,118,118,120,56,56,56,57,57,57,57,57,57,57,57,58,58,58,57,57,58,58,61,60,61,61,61,60,106,121,147,59,57,57,56,56,57,58,57,57,57,58,58,58,58,58,58,58,58,58,62,62,63,61,62,61,105,156,94,58,57,58,57,57,57,57,57,57,59,58,59,58,58,58,58,58,59,59,59,60,60,60,60,59,85,144,57,57,58,58,57,57,57,58,58,58,58,59,59,59,58,58,58,58,58,59,60,60,60,64,61,58,141,80,57,57,58,58,59,58,58,58,58,58,58,59,60,58,58,59,58,58,59,60,62,59,60,63,63,94,122,58,58,57,57,59,59,59,58,58,59,58,60,60,59,58,58,59,58,58,59,61,63,60,61,61,62,144,63,57,57,57,58,60,61,60,59,58,58,58,60,59,58,57,58,58,58,58,58,59,61,63,61,61,96,115,57,57,57,57,58,59,59,60,59,58,57,57,57,57,57,57,58,59,59,59,58,59,59,62,61,58,123,70,58,58,58,58,58,58,59,60,59,58,58,57,58,57,57,57,59,59,59,59,59,59,62,61,61,62,114,59,59,57,57,57,59,58,59,60,59,59,59,59,60,59,58,57,59,59,59,59,61,61,62,61,61,64,93,58,60,58,57,58,59,59,59,61,60,61,60,60,59,58,58,58,59,59,59,60,61,61,62,60,60,60,78,60,59,59,57,58,58,59,58,59,60,60,60,60,59,58,58,58,59,59,59,60,61,62,63,62,63,61,68,61,59,59,58,57,58,58,58,58,59,60,60,62,60,59,58,58,60,60,60,60,60,61,62,62,62,62,63,59,59,58,58,58,58,59,58,58,59,60,60,59,59,59,58,58,61,61,60,61,60,60,60,60,60,59,61,60,60,59,59,58,58,58,58,59,59,59,59,60,58,58,58,58
gamma_006.png,59,59,60,58,58,58,59,59,61,64,63,62,63,62,62,61,60,60,59,58,59,59,59,58,57,57,58,58,59,59,59,58,58,58,58,60,60,61,62,63,62,62,62,61,60,60,59,59,57,58,59,59,57,57,57,57,63,60,59,59,58,58,59,59,59,60,61,61,61,62,62,61,60,60,60,60,58,58,57,58,57,57,58,57,62,60,59,59,59,58,59,59,60,59,60,60,61,62,62,61,61,60,60,60,58,58,58,57,58,58,57,57,61,60,59,59,58,58,59,59,60,60,60,60,60,64,63,63,63,60,60,59,57,57,57,56,58,58,58,58,62,61,60,60,60,59,60,61,61,64,62,62,63,65,64,63,62,60,60,59,58,82,124,92,59,58,58,58,62,61,60,60,60,60,60,60,60,65,82,68,65,66,64,63,62,60,58,61,127,127,67,65,58,58,59,57,61,60,60,60,60,60,59,59,60,62,70,108,62,63,62,61,60,59,92,152,95,60,58,58,58,59,58,59,61,60,59,59,60,61,61,61,61,63,66,139,65,62,62,61,63,131,134,63,59,58,57,58,59,59,59,59,61,60,59,60,60,61,61,62,61,64,63,128,81,64,60,64,156,114,60,58,58,59,58,58,58,59,58,59,61,59,59,59,59,61,61,62,63,63,63,115,94,65,67,155,96,60,58,58,59,58,58,58,58,58,58,57,60,59,59,60,60,60,61,61,62,64,64,110,95,67,140,114,60,59,58,58,58,59,58,58,58,59,58,58,61,60,60,60,61,62,61,61,62,65,64,127,97,154,114,61,60,59,59,59,58,58,58,58,58,58,58,58,61,59,59,60,61,61,61,61,61,63,62,145,149,131,66,61,60,60,59,58,58,58,58,59,58,58,58,58,62,60,59,60,60,60,61,61,61,61,62,164,132,65,61,60,60,60,59,59,58,58,58,58,58,58,59,59,60,60,60,60,60,60,61,61,61,60,98,144,63,61,61,60,60,59,59,60,58,58,58,58,58,59,59,58,62,60,60,61,60,60,62,63,60,89,131,65,63,62,61,61,60,60,60,60,59,58,58,58,58,58,58,58,63,62,61,61,61,61,62,62,81,150,66,62,63,63,62,61,61,61,60,60,58,58,58,58,59,58,58,58,64,63,61,62,61,61,62,64,136,72,62,63,63,62,61,60,61,61,61,60,58,58,58,59,58,58,59,59,65,64,62,61,61,62,61,123,77,66,65,64,63,61,60,60,59,59,60,59,59,58,59,59,59,59,59,59,64,63,64,63,63,63,96,88,63,64,63,63,63,62,61,59,59,59,59,59,59,59,59,60,59,59,59,59,63,63,63,63,64,64,105,62,63,64,63,63,63,63,61,60,59,59,60,59,59,60,59,60,59,58,58,59,62,63,63,65,65,74,70,63,64,65,63,63,63,62,60,60,59,59,59,60,59,59,59,59,58,58,58,59,63,63,64,65,66,75,67,64,65,66,63,63,63,63,61,60,59,59,59,59,58,58,59,59,59,59,58,59,63,63,64,64,66,66,68,65,65,64,65,64,64,62,61,60,59,59,58,58,58,59,59,59,59,59,58,58,63,63,62,63,63,63,63,64,65,64,65,64,64,63,61,60,60,60,59,58,58,58,59,59,59,58,58,58,63,62,63,63,62,63,63,63,65,65,66,65,65,63,61,61,61,60,59,59,59,59,59,60,59,58,58,58,62,62,62,62,62,63,63,63,64,64,63,63,65,63,61,61,61,59,59,59,60,60,59,60,59,58,58,58
gamma_004.png,55,55,55,55,55,56,56,56,56,55,55,56,57,56,57,57,56,56,57,57,57,57,57,57,57,57,57,57,55,55,55,55,55,56,56,56,56,56,55,56,56,56,56,56,56,56,56,56,57,57,58,58,57,57,57,57,55,55,55,56,56,56,56,57,56,56,56,55,56,56,56,56,56,56,56,56,57,57,57,56,57,56,56,57,55,55,56,56,56,57,56,56,56,56,57,57,56,56,56,56,56,56,56,56,57,57,56,56,57,57,57,57,56,56,56,57,56,56,56,57,57,57,57,57,56,56,56,56,56,56,56,56,57,57,56,56,57,57,57,57,56,56,56,56,56,56,56,56,56,56,57,57,57,57,56,57,56,56,55,55,56,57,57,57,57,57,57,57,57,56,56,56,57,57,56,56,57,58,90,117,61,57,56,57,56,57,59,99,69,58,57,57,57,57,58,57,57,56,57,57,57,57,56,56,57,68,95,109,123,57,56,57,57,57,140,100,64,57,57,57,57,57,58,57,57,57,57,57,57,57,57,57,58,61,76,57,110,83,57,57,56,135,101,59,58,57,57,57,58,57,57,57,58,57,57,57,57,57,56,57,57,56,58,57,79,114,59,57,105,131,61,58,57,57,57,57,57,57,58,58,57,57,57,58,57,57,56,57,57,57,57,57,60,128,59,81,138,60,58,57,57,57,57,57,57,57,57,57,57,57,57,57,57,57,57,58,57,57,57,57,64,134,62,158,75,58,59,59,58,57,57,57,57,57,57,57,58,57,57,57,57,57,57,57,57,58,58,56,64,132,133,112,59,57,57,58,58,58,58,58,57,57,57,57,57,57,57,57,57,57,57,57,57,57,57,57,68,143,158,66,59,57,57,57,57,58,59,58,57,57,57,57,57,57,57,57,57,57,57,57,57,58,58,57,62,177,121,65,57,57,57,57,57,57,58,58,58,58,58,58,58,58,57,57,57,57,57,57,57,57,58,57,84,143,60,57,58,58,58,57,57,57,58,58,58,59,58,58,58,58,59,57,57,57,57,57,58,57,57,58,146,76,59,57,57,57,57,58,57,57,58,58,58,58,58,58,58,59,59,58,58,57,57,57,57,57,56,77,137,59,58,57,57,57,57,58,58,57,58,58,58,58,58,57,58,58,58,59,58,57,57,57,57,58,57,135,84,58,58,58,58,57,58,58,58,59,58,58,58,58,58,58,58,58,58,59,59,59,58,57,58,57,65,150,60,58,58,57,57,57,58,58,58,58,58,58,58,58,58,59,58,58,58,59,58,58,58,58,58,58,114,95,58,58,58,57,58,57,58,58,58,58,58,58,58,59,58,58,57,57,58,58,58,58,58,58,58,58,146,66,59,58,58,57,57,57,58,58,58,58,58,58,58,59,58,58,58,58,58,58,58,58,58,58,58,58,115,60,59,59,58,57,58,58,58,58,58,58,58,59,58,58,58,58,58,58,58,58,58,59,58,58,58,61,89,59,59,59,58,59,58,58,58,58,58,59,58,59,59,58,58,59,59,58,58,58,58,58,58,58,58,56,75,58,59,59,58,58,58,58,58,58,58,58,58,58,58,58,58,58,58,58,58,59,59,59,58,58,58,57,64,60,59,59,58,58,58,58,58,58,58,58,58,58,58,58,58,59,58,58,59,59,58,58,58,58,58,57,57,59,58,59,58,59,58,58,58,58,58,58,58,58,59,59,59,59,59,58,58,58,58,58,58,57,58,58,58,58,58,58,58,58,58,58,58,58,58,58,59,60,59,59,59,60
gamma_005.png,57,57,57,57,57,57,58,59,60,60,60,60,61,63,63,62,62,61,60,59,58,58,59,59,60,60,59,60,57,57,57,57,57,57,58,58,58,59,59,60,62,63,64,63,61,61,59,58,56,57,59,59,60,59,59,62,57,57,57,57,57,58,58,58,58,58,59,60,63,62,64,66,62,62,60,58,60,125,62,59,59,60,63,60,57,58,57,57,57,58,59,59,60,59,60,60,62,63,63,64,64,62,62,59,104,99,60,59,59,59,63,60,57,58,58,58,57,59,61,60,61,62,62,61,63,63,62,62,63,62,61,76,143,61,59,60,59,60,65,62,57,57,58,59,59,60,62,61,64,65,63,63,64,65,64,64,64,62,62,152,78,59,59,59,59,59,61,61,58,57,59,59,60,61,61,61,62,61,61,63,64,63,62,63,63,64,107,124,59,59,59,59,59,59,59,59,59,58,59,60,61,62,61,61,60,81,131,128,93,64,64,63,61,74,153,67,60,60,59,60,60,60,59,60,59,58,59,60,61,61,61,60,82,93,70,61,146,71,63,63,63,158,93,61,61,60,59,59,60,60,61,63,59,60,59,60,61,61,63,64,73,79,62,61,93,124,64,62,118,137,63,61,60,60,59,59,61,61,61,61,59,59,59,60,63,64,65,64,63,64,61,61,64,160,65,77,161,65,62,60,59,60,59,59,60,60,60,61,59,59,60,60,62,62,63,63,63,63,62,63,62,134,90,146,88,63,62,60,60,59,59,60,60,60,61,60,58,60,61,61,62,61,62,62,63,63,63,63,63,71,181,152,78,62,61,59,60,59,59,59,60,60,63,63,59,60,61,61,61,61,61,61,62,62,64,64,62,84,165,106,64,63,60,60,59,59,59,59,59,60,63,63,60,60,61,60,60,59,59,61,61,61,62,62,63,160,82,63,62,60,59,59,59,59,59,60,61,62,65,64,60,60,60,60,59,60,60,60,60,61,61,59,121,113,60,60,60,61,60,59,60,60,60,60,61,62,65,64,59,60,60,61,59,59,60,60,60,60,59,80,134,60,60,60,60,60,60,60,60,61,61,60,61,63,64,64,59,60,60,60,60,59,59,60,60,59,62,156,72,61,60,61,60,60,61,60,60,61,62,62,61,64,68,66,60,60,61,61,61,60,59,59,57,58,144,99,62,61,62,62,61,61,61,60,60,60,62,62,62,63,65,64,60,60,60,60,60,60,60,59,57,88,120,61,62,64,65,63,64,64,62,60,60,60,60,61,62,63,63,64,59,60,60,60,61,60,60,59,66,144,65,62,62,63,64,63,63,63,63,61,60,60,60,60,61,63,65,65,60,60,60,60,61,61,60,59,126,89,57,60,63,63,63,62,62,61,62,61,60,60,60,60,61,61,62,62,60,61,60,60,60,61,60,66,133,59,60,61,63,63,64,63,62,61,61,61,60,60,60,60,60,60,60,61,60,60,60,60,61,60,59,103,81,59,60,61,63,62,62,63,63,62,61,61,61,60,61,60,60,61,61,61,60,60,60,60,60,61,58,110,63,60,61,61,62,63,62,63,63,61,60,61,60,60,60,60,60,60,61,61,61,62,61,61,61,59,59,70,70,62,60,61,62,61,61,63,62,61,60,60,60,60,60,60,61,62,62,63,62,62,62,61,60,59,60,60,59,60,60,62,64,63,63,64,63,61,61,60,60,60,60,61,61,63,63,63,62,62,62,61,60,59,59,59,60,60,60,62,63,63,63,64,64,62,62,62,61,60,61,61,62,63,63,63
gamma_001.png,52,52,52,53,53,54,53,53,52,52,51,50,50,50,50,51,50,50,51,51,50,51,51,52,53,53,52,53,52,52,53,53,53,54,53,54,53,52,51,50,51,51,50,50,50,50,51,51,51,51,51,51,53,53,53,52,53,52,52,53,53,53,54,53,53,52,51,51,51,51,50,50,50,50,50,51,50,50,52,53,52,53,53,53,52,52,52,53,53,53,54,53,52,52,51,51,51,51,50,50,50,50,50,50,50,93,67,53,53,53,54,53,51,52,51,53,52,52,52,52,53,52,50,48,50,49,52,49,50,50,49,56,113,107,69,54,54,53,52,53,51,51,51,52,51,51,52,52,52,51,52,77,119,137,103,52,50,50,53,129,79,53,51,52,54,54,53,54,51,51,51,51,51,50,50,51,50,63,116,113,65,70,140,54,51,50,107,103,53,52,52,51,54,54,54,54,51,51,51,52,51,51,49,49,70,135,83,59,52,70,141,53,52,61,142,58,53,52,52,52,53,54,53,54,51,51,52,51,50,51,49,96,125,66,50,52,51,81,121,51,50,122,89,52,52,51,52,52,53,53,54,54,51,51,51,51,49,52,128,125,54,50,52,52,49,109,102,52,80,152,59,51,50,50,52,52,52,53,54,54,50,51,51,50,49,110,175,63,51,52,53,52,53,155,68,51,141,91,55,53,50,52,52,53,53,54,54,55,51,51,52,50,49,126,75,54,52,52,52,51,58,151,56,65,153,57,52,52,51,52,54,53,54,54,54,54,52,52,53,51,51,85,75,52,52,52,52,51,68,152,56,118,95,53,51,53,52,53,54,54,54,55,54,54,52,52,53,53,53,52,55,52,52,52,52,52,85,130,64,153,55,52,60,55,52,53,53,54,54,54,55,55,53,54,53,53,53,53,52,52,52,52,52,52,81,156,125,105,81,73,55,51,53,53,53,54,54,54,55,55,53,54,54,55,53,53,52,51,52,52,52,53,56,132,182,137,77,50,52,53,53,54,53,54,54,55,55,55,54,54,54,54,53,53,53,52,53,53,54,53,51,114,101,55,53,52,53,53,54,54,53,53,54,55,55,55,54,55,54,54,54,53,52,53,53,53,53,53,56,150,62,54,53,53,53,53,53,53,54,54,54,55,55,55,55,55,55,56,54,53,53,53,53,53,54,52,102,112,56,53,53,53,53,53,55,55,54,54,54,55,55,55,56,55,55,55,55,53,53,53,54,54,53,56,152,64,54,54,54,54,54,54,54,55,54,53,53,55,54,56,55,55,55,55,54,53,52,53,54,54,53,89,110,53,52,53,54,54,54,54,55,57,54,54,54,55,55,55,55,55,55,54,54,53,52,53,53,53,54,129,60,53,53,54,53,53,54,54,54,54,54,54,54,55,56,56,54,54,55,54,54,54,52,52,53,52,75,118,53,52,52,53,53,52,53,54,54,54,54,54,55,55,57,57,54,55,54,54,53,53,52,53,53,52,104,92,53,52,52,53,52,53,53,54,54,54,54,54,55,56,56,57,54,55,55,54,53,54,53,53,53,54,109,78,53,52,53,53,53,53,54,54,54,54,54,55,56,56,58,57,55,54,54,53,53,53,54,54,54,55,85,76,53,53,53,53,53,53,54,54,54,54,55,56,56,56,57,57,54,54,54,54,53,54,53,53,54,55,55,71,56,53,53,52,53,53,54,54,55,54,55,56,57,57,57,57,54,54,54,54,53,53,52,54,54,54,54,53,52,54,53,52,53,53,54,54,55,55,56,56,57,58,58,57
gamma_002.png,54,55,55,54,54,56,55,55,55,54,55,54,54,54,54,55,55,55,55,55,55,55,55,55,55,54,54,54,54,54,54,54,54,54,55,56,55,55,54,54,54,54,54,54,55,55,55,55,55,55,55,55,55,55,54,54,54,54,54,54,55,55,55,55,56,55,55,55,56,54,54,54,55,55,55,55,55,54,55,55,55,55,56,55,55,54,54,54,54,54,55,55,55,55,56,57,56,55,54,54,55,55,54,54,54,54,54,55,55,55,55,55,54,55,54,54,54,54,55,56,55,55,55,55,55,55,54,54,54,54,54,55,54,54,54,56,55,56,55,55,54,55,54,55,55,55,55,55,55,55,55,55,55,54,55,55,55,54,55,53,57,59,56,56,55,56,56,55,54,55,55,55,56,55,56,56,55,56,55,55,54,54,55,55,56,55,53,63,131,92,56,56,56,56,56,56,55,55,55,55,56,56,56,57,56,55,55,56,57,56,55,55,55,54,63,140,70,56,55,56,56,56,56,57,55,55,55,55,55,56,56,56,56,72,108,143,138,77,57,56,57,58,142,83,58,56,56,57,56,56,56,56,55,56,55,55,55,56,55,60,120,123,78,61,82,132,58,57,57,120,105,58,56,57,56,57,56,56,56,56,55,55,55,55,56,57,71,171,108,61,59,57,65,156,58,56,102,137,60,57,57,56,56,56,56,56,56,56,55,55,56,56,56,58,64,114,58,57,57,58,72,158,58,67,164,69,57,56,56,56,56,56,56,56,56,55,56,57,55,56,56,57,57,78,68,57,57,57,71,152,58,138,90,58,57,57,57,56,56,55,56,56,56,57,57,56,56,56,56,57,57,60,61,57,58,57,69,158,88,141,60,58,57,57,57,57,57,57,57,57,58,57,57,57,57,56,56,57,57,57,57,57,57,57,59,146,159,79,80,81,62,57,57,57,57,58,57,58,59,58,58,59,59,57,57,57,57,57,58,57,57,57,55,117,165,130,77,58,57,57,57,57,57,57,57,58,58,59,58,58,59,59,59,58,57,57,58,58,58,56,80,148,63,58,58,56,58,57,57,57,58,57,57,58,58,59,58,58,59,59,59,57,57,58,58,58,57,56,150,85,57,57,57,57,57,57,57,57,57,57,57,57,58,57,57,58,58,58,58,57,57,57,58,59,56,105,109,58,57,57,57,57,57,57,58,57,57,57,57,56,57,57,57,57,58,59,58,57,57,57,58,57,69,157,62,57,57,57,57,57,58,57,58,57,57,57,57,57,57,57,58,58,58,58,58,58,58,57,56,56,138,104,59,58,57,57,57,57,57,57,58,58,58,58,57,56,57,57,58,58,58,58,59,58,58,57,56,55,139,62,58,57,57,57,57,57,57,57,59,58,59,58,57,57,58,59,58,58,58,59,59,58,58,58,57,58,135,61,58,57,57,57,57,57,56,58,58,58,58,58,59,59,60,60,58,58,58,58,58,59,57,57,58,57,124,78,58,57,57,57,58,57,57,57,57,58,57,58,59,59,60,59,59,59,59,58,57,58,57,57,58,58,60,84,74,59,57,56,56,56,55,55,56,56,56,57,58,60,60,59,59,59,60,60,58,57,58,57,56,56,57,57,56,57,56,56,56,56,55,54,55,55,55,56,57,58,59,59,59,60,59,59,58,56,56,57,56,56,56,56,56,56,56,56,56,55,55,54,54,55,55,55,56,57,57,59,59,59,60,59,57,56,57,57,56,57,57,56,56,56,56,56,56,56,55,55,55,55,55,55,55,55,55,56
gamma_003.png,55,54,54,54,54,54,54,54,54,54,54,56,62,54,54,55,55,56,55,55,55,55,55,55,55,55,55,55,55,55,55,55,54,54,54,54,54,54,54,54,58,54,54,55,55,55,56,56,56,56,55,55,55,56,56,55,55,55,56,55,55,55,55,54,54,54,55,55,55,55,55,55,55,56,56,56,57,56,55,55,56,56,56,55,55,55,55,55,55,55,56,55,55,55,56,55,56,56,56,55,55,56,56,55,55,56,55,56,56,56,56,56,55,55,55,55,55,56,56,56,55,55,56,56,56,56,56,56,56,55,56,55,72,56,56,56,56,56,56,56,55,55,55,55,55,56,56,57,55,55,56,57,56,56,56,56,56,54,59,104,94,59,55,56,57,57,56,56,56,56,55,55,56,56,56,58,53,56,55,56,56,56,56,57,56,56,138,88,58,56,56,56,56,56,56,56,56,57,55,55,55,55,55,56,142,174,87,57,56,56,56,56,55,94,121,57,57,56,56,57,56,56,57,57,56,56,56,55,55,55,54,55,93,75,146,59,57,57,56,55,61,155,65,56,57,57,56,56,57,57,56,56,57,56,56,55,56,57,57,56,75,89,137,68,57,57,57,56,127,104,57,57,58,57,57,57,57,56,56,56,56,56,56,56,57,57,56,56,56,71,140,73,58,58,58,63,148,63,57,57,57,57,57,57,57,57,56,57,57,57,56,56,56,56,56,56,56,56,148,67,58,57,57,111,101,59,58,57,58,57,57,57,57,58,57,58,57,56,56,56,56,56,56,56,57,56,144,76,60,58,63,161,62,58,58,57,57,57,57,57,57,58,58,58,57,57,56,56,56,56,56,56,57,56,126,82,61,59,107,133,58,57,57,57,57,57,57,58,57,57,58,58,57,56,56,56,56,56,56,56,57,57,100,140,118,88,159,72,58,57,58,58,57,58,57,57,57,58,58,58,57,56,56,56,56,57,56,57,57,57,57,80,74,80,136,60,57,58,58,59,58,57,57,58,57,57,58,58,57,57,57,57,57,56,57,57,57,57,57,56,61,136,76,58,58,58,58,58,58,58,57,57,57,58,58,58,57,58,57,58,57,56,57,58,57,58,58,55,77,152,59,58,58,58,58,58,58,58,57,57,57,59,58,58,58,57,58,57,57,57,57,57,57,57,57,56,127,92,59,58,58,58,58,58,58,57,58,58,58,58,58,59,57,57,57,57,58,58,57,57,57,57,57,55,150,62,56,57,57,58,58,59,58,58,58,58,58,59,58,58,57,57,57,57,57,57,57,58,58,57,57,69,128,59,57,57,57,57,58,58,58,58,58,58,58,58,58,58,57,57,57,57,57,57,57,58,58,58,57,95,93,58,57,58,57,58,59,58,59,59,58,58,58,58,58,58,57,57,57,57,58,57,57,58,58,58,56,113,65,58,58,58,58,58,58,57,59,58,58,58,58,58,58,57,57,57,57,57,58,58,58,58,58,58,58,110,59,58,59,58,58,58,58,57,58,58,59,58,58,58,59,58,58,58,58,58,58,58,58,58,58,58,58,91,59,58,58,59,59,58,57,57,59,58,59,59,58,58,58,58,59,58,58,59,58,58,58,58,58,59,58,74,59,58,58,58,58,58,58,58,58,58,59,59,58,58,58,58,58,59,58,59,58,58,58,58,58,59,59,66,59,58,58,58,58,58,58,58,58,59,59,59,59,58,58,58,58,58,58,59,59,59,59,59,59,60,59,59,60,60,59,59,59,58,58,58,58,58,59,59,59,59,58,59
alpha_002.png,47,46,47,47,47,46,45,46,45,45,45,46,45,45,46,46,46,45,46,45,45,45,46,46,46,47,46,46,47,47,47,47,47,46,46,46,46,46,45,46,45,47,47,46,46,45,45,45,45,45,45,46,46,47,47,47,47,47,47,47,46,47,47,47,46,46,47,46,47,46,47,46,45,46,46,45,46,46,46,46,46,46,47,47,47,47,47,47,47,47,47,47,46,47,47,46,46,46,46,46,45,46,46,46,46,46,46,45,46,46,46,46,48,48,48,47,48,47,48,48,46,47,47,46,46,46,47,46,46,46,46,46,46,46,46,46,46,46,46,46,48,47,48,48,48,48,48,48,47,47,47,48,47,47,46,46,46,47,47,47,46,46,46,46,46,46,45,46,48,48,48,48,47,48,48,48,48,48,47,48,48,48,47,46,47,46,47,46,46,46,47,46,46,46,46,46,48,48,48,48,47,47,47,47,47,47,48,48,47,47,47,46,46,46,46,46,46,45,46,47,46,45,46,46,49,48,48,48,48,48,47,47,47,47,48,49,47,48,46,46,46,46,46,46,47,46,47,47,46,46,47,47,49,49,48,48,48,48,48,47,47,48,49,48,49,49,48,47,47,47,46,47,47,48,47,47,46,46,46,46,50,49,49,48,49,49,48,47,49,49,49,50,50,49,47,47,48,46,46,47,62,119,58,48,47,47,46,47,49,48,49,49,49,49,49,48,48,48,47,48,48,48,49,47,48,47,48,73,127,81,50,48,47,47,48,48,50,48,49,49,49,48,48,48,47,47,53,78,122,143,141,144,91,53,107,142,64,48,49,48,47,47,47,48,50,49,49,49,48,49,49,47,49,97,135,100,66,52,51,63,138,154,121,58,49,47,48,47,47,47,48,48,50,50,50,49,49,50,51,68,111,85,54,50,48,48,60,111,144,149,88,49,49,48,49,48,47,48,48,47,51,50,50,50,49,49,91,105,55,50,51,49,58,113,148,107,57,70,144,53,49,49,49,48,47,48,47,47,51,50,49,49,72,146,70,52,53,53,86,132,144,99,54,50,50,51,132,81,50,51,49,48,48,48,48,48,51,50,51,55,139,87,54,65,101,140,137,95,54,49,50,50,49,49,86,139,52,50,50,49,49,49,48,48,51,51,50,79,150,136,145,124,90,63,52,51,51,50,50,51,50,51,51,120,103,54,50,49,49,49,49,48,51,51,51,55,83,64,54,52,50,50,50,50,51,50,51,51,52,51,50,55,140,110,56,50,49,49,50,49,51,50,51,51,50,49,50,50,50,51,51,50,50,50,50,50,51,51,50,49,54,100,125,100,78,55,53,51,50,50,50,51,50,50,50,51,50,51,51,51,51,50,50,50,51,51,51,50,50,50,51,53,55,51,51,52,51,51,51,51,50,50,50,51,51,51,51,51,51,50,50,50,50,51,51,51,51,51,51,54,52,50,51,50,51,51,50,50,50,50,51,51,52,52,52,50,52,51,51,50,51,51,50,51,51,51,51,51,51,51,50,50,51,51,50,51,50,51,51,52,52,52,51,51,51,52,50,50,51,51,52,51,51,51,51,50,50,50,51,50,51,50,50,51,51,51,52,52,52,52,51,52,52,52,52,51,50,51,52,52,51,51,51,50,51,51,50,50,51,50,51,51,51,52,52,52,52,52,51,52,52,52,51,51,50,51,52,51,52,52,51,51,51,51,50,49,51,50,50,51,52,52,52,51,53,53,52,52,52,52,51,51,51,52,51,52,52,52,52,51,51,51,50,50
beta_006.png,59,58,59,57,56,56,55,55,55,55,56,55,56,55,55,55,55,55,54,53,53,53,53,53,53,53,53,53,58,58,59,56,55,55,55,56,55,56,56,55,55,55,56,55,55,54,54,53,53,54,53,53,53,53,53,54,57,56,56,55,55,55,55,55,55,57,56,56,55,55,56,56,55,54,54,54,53,53,53,53,53,53,53,54,57,56,56,55,55,55,56,55,55,57,57,57,56,56,56,56,55,55,54,54,53,54,53,53,52,53,53,53,59,58,57,56,56,55,55,55,55,56,58,58,57,57,56,56,55,54,54,55,54,53,53,53,53,53,53,53,58,59,58,56,55,55,55,55,56,57,58,57,57,58,57,55,55,55,54,54,53,53,53,54,54,54,54,54,59,59,59,57,56,56,56,56,57,57,57,57,57,56,54,54,53,52,54,53,53,54,53,53,54,55,54,54,59,59,58,57,56,57,57,57,58,57,57,57,57,56,55,54,101,128,133,59,54,53,53,53,53,53,53,54,59,58,57,56,57,58,57,57,58,58,58,57,58,56,58,121,83,57,120,85,54,54,53,53,53,53,54,53,60,59,57,56,57,57,57,57,58,58,60,59,59,56,119,81,56,54,118,84,54,54,53,53,53,54,54,54,59,59,58,56,56,56,57,58,58,59,60,59,57,100,96,58,57,54,133,61,54,55,54,53,54,54,54,54,59,59,58,56,56,57,58,58,58,58,58,56,65,116,58,55,55,91,109,55,55,54,54,55,54,54,55,54,59,58,57,57,57,59,59,59,59,58,58,56,118,63,54,55,105,111,59,54,54,54,54,54,54,54,54,54,58,58,58,58,58,59,59,59,58,58,57,82,87,62,99,138,108,57,56,54,54,54,54,54,54,54,54,55,58,58,58,58,58,58,59,58,59,56,63,125,58,72,108,92,122,113,57,55,55,55,54,54,54,54,55,56,57,57,57,58,58,58,57,59,59,57,98,85,57,55,55,55,56,116,105,57,55,55,54,54,54,55,55,56,62,61,57,58,58,58,59,59,59,64,134,57,56,56,56,57,56,57,144,57,56,56,54,55,54,55,55,55,61,61,59,58,58,59,59,60,59,124,90,56,56,57,56,56,56,55,153,58,55,56,55,54,54,54,54,55,62,60,58,57,58,57,57,57,60,161,102,54,56,56,54,55,56,107,113,57,56,56,55,55,54,54,55,56,63,60,58,57,57,57,56,56,105,99,125,136,87,77,79,91,142,133,59,55,56,56,55,55,55,55,56,56,60,59,58,58,56,57,56,57,159,63,56,60,72,102,121,106,75,57,56,55,55,55,56,55,56,57,58,57,60,60,59,59,58,57,57,98,147,56,55,56,54,55,55,56,56,55,56,55,55,55,55,55,55,57,59,56,61,60,61,59,58,58,58,125,62,57,57,57,55,55,55,55,56,55,55,55,55,54,55,55,55,57,57,55,61,61,59,59,58,57,80,117,58,58,58,59,57,56,56,56,55,55,55,54,54,54,54,55,56,55,55,56,60,60,60,58,59,58,58,60,59,58,58,57,56,56,56,55,55,55,55,54,55,54,55,55,55,56,56,56,62,61,60,60,59,59,59,59,60,59,57,56,55,56,56,56,55,55,55,54,55,55,55,55,55,56,56,56,63,62,60,60,59,59,60,59,59,58,56,55,55,56,56,56,55,56,55,55,55,55,56,55,56,56,56,56,62,61,61,60,59,59,59,59,58,56,55,55,55,55,56,57,55,55,56,55,56,55,55,55,56,57,56,55
beta_007.png,54,55,56,58,57,56,58,56,54,54,54,53,54,54,53,56,54,54,54,54,55,54,54,53,52,52,53,55,55,55,55,56,58,59,57,55,54,53,53,52,53,54,53,54,53,53,54,55,55,55,55,55,53,53,54,53,55,54,57,55,55,57,55,54,53,53,53,53,53,53,53,53,53,53,54,55,55,55,55,54,55,54,54,54,54,54,57,57,57,60,58,55,53,53,53,53,53,53,53,53,54,54,53,56,56,56,58,56,56,55,54,54,54,55,57,55,56,56,57,57,55,54,54,53,53,52,54,55,55,56,59,58,56,57,57,56,55,55,54,54,54,55,57,56,56,56,56,55,54,54,54,54,54,54,55,59,62,61,60,60,80,84,56,56,55,55,55,55,54,53,56,56,57,57,58,55,54,54,54,54,54,55,55,56,56,55,86,134,112,164,56,55,55,54,54,55,54,54,56,56,56,56,56,55,54,54,55,54,54,55,54,55,57,105,114,69,63,152,56,55,55,54,55,55,55,56,58,59,59,58,59,55,54,54,54,55,54,54,54,57,130,92,64,59,108,107,54,54,55,54,54,55,55,56,60,59,58,58,59,57,55,54,54,54,54,53,57,114,86,59,58,58,154,62,54,55,54,54,55,55,55,57,59,59,58,58,59,58,56,55,54,55,55,58,111,84,59,59,68,143,75,54,54,54,55,54,54,55,55,58,60,61,59,59,59,58,55,55,54,55,54,108,78,55,61,83,137,89,55,54,54,54,54,54,54,54,55,56,58,59,59,60,58,57,56,55,55,54,100,85,56,88,147,109,59,55,55,54,55,55,54,54,55,54,56,57,60,61,61,61,58,56,55,54,54,80,93,55,87,163,137,68,54,55,55,54,55,54,53,54,54,54,55,56,59,58,59,60,59,56,54,54,84,109,55,55,54,56,75,130,87,54,54,55,54,54,53,53,54,54,56,56,57,58,60,60,59,55,55,62,119,57,55,54,55,53,54,60,149,60,54,55,54,54,54,54,54,54,55,58,65,63,62,61,59,56,90,140,83,56,55,54,54,54,54,54,115,96,55,54,54,54,55,54,54,54,56,59,60,60,60,59,59,56,104,91,132,145,94,67,57,58,55,59,155,90,60,56,54,55,54,54,54,56,56,58,59,60,60,58,58,79,99,56,54,64,88,100,137,141,155,150,108,62,59,57,55,54,54,54,54,56,57,60,62,61,60,60,64,124,62,55,56,55,57,56,61,65,60,56,58,58,57,57,55,55,54,54,54,56,57,57,58,59,60,59,135,113,57,57,55,55,55,56,57,61,59,59,60,59,57,56,56,55,55,55,54,54,56,56,56,56,57,76,163,80,56,57,56,55,55,56,57,59,58,59,60,59,58,56,56,55,55,54,54,54,56,57,56,57,55,126,130,56,56,56,56,55,55,56,57,60,58,59,59,58,57,57,56,56,56,55,55,55,56,58,60,61,63,163,78,55,55,55,55,55,56,57,58,59,61,60,59,58,57,56,56,56,56,56,55,55,56,57,59,60,63,105,57,55,55,56,55,55,55,56,57,59,60,58,58,57,56,56,56,56,56,55,56,55,57,58,59,62,60,59,56,56,55,55,56,55,56,56,59,60,60,60,59,59,57,56,56,56,55,56,56,56,59,61,61,61,61,60,57,56,56,55,55,55,55,55,58,59,60,61,59,57,56,56,56,55,55,55,55,55,59,61,60,60,59,58,57,56,56,55,55,55,55,55,57,60,58,60,63,58,56,55,55,55,55,55,55,55
alpha_003.png,46,47,47,47,48,47,47,46,46,46,47,48,47,48,48,48,48,48,49,48,48,47,47,47,48,49,48,48,47,48,47,47,47,47,47,47,46,46,47,47,47,48,48,49,49,48,48,48,48,47,47,48,47,48,49,48,47,47,48,47,47,48,47,47,47,48,47,48,48,48,48,48,49,49,49,49,48,48,47,48,47,48,49,49,48,47,47,47,47,47,47,48,47,47,48,47,47,48,48,48,49,49,49,49,48,48,48,48,49,49,49,49,47,47,48,47,47,48,47,48,47,48,48,48,48,48,48,48,49,49,49,48,49,48,48,48,49,48,49,49,46,46,47,47,47,48,48,49,48,48,49,49,48,48,48,48,49,49,48,48,48,48,49,49,49,49,49,49,48,46,47,47,48,47,48,49,49,49,49,49,49,48,48,48,48,48,49,49,49,48,49,48,49,49,48,49,48,47,48,47,48,48,49,49,48,48,48,49,48,48,48,48,48,48,50,50,49,50,49,49,50,50,49,49,48,48,48,49,49,48,48,49,49,48,48,49,49,48,49,49,48,49,50,49,50,49,49,49,50,50,50,50,48,48,49,49,49,49,49,48,49,48,48,48,48,49,49,48,49,49,49,50,52,56,47,49,50,50,50,50,48,48,49,49,49,48,49,48,48,48,48,49,47,49,52,52,50,48,49,58,105,79,48,50,50,50,51,50,48,48,48,48,49,49,49,48,49,49,54,93,118,122,131,118,52,50,57,124,100,50,50,49,50,50,50,50,48,48,49,48,48,48,48,48,53,96,115,72,54,51,55,98,110,72,138,78,50,50,50,50,50,51,50,50,48,48,49,48,48,48,49,54,121,82,50,50,50,50,51,52,158,144,71,52,51,50,50,50,50,50,50,50,48,49,49,48,48,48,63,113,63,53,52,51,49,48,71,124,145,121,53,52,51,51,50,50,50,50,50,50,49,50,50,50,48,56,149,83,52,48,49,50,61,125,136,84,57,148,68,52,51,51,50,50,50,50,50,50,49,50,50,49,48,120,105,53,50,53,78,134,149,95,53,52,51,90,122,51,50,50,50,51,51,50,50,51,48,49,50,50,49,107,105,99,115,151,138,97,56,50,51,51,52,53,147,96,51,50,51,49,51,50,51,51,48,48,49,50,49,56,70,72,63,57,49,51,49,50,50,49,50,50,63,129,125,81,58,53,52,53,51,51,48,50,50,50,50,51,50,50,50,50,49,49,50,50,50,49,50,50,50,51,76,101,84,66,53,52,51,51,49,50,50,50,51,51,51,51,50,50,50,49,50,51,50,49,49,49,50,50,50,50,49,50,51,51,51,51,50,50,49,50,50,51,51,51,50,50,50,49,50,50,50,49,49,49,50,50,51,51,52,51,51,51,51,51,50,50,50,49,50,51,51,51,51,51,50,50,50,50,50,50,49,50,50,50,51,51,51,51,51,51,53,52,50,50,50,51,51,51,51,51,51,51,51,51,50,50,49,50,51,50,50,51,51,51,51,51,51,51,52,52,50,50,51,50,51,51,51,51,51,51,51,51,51,50,51,52,51,51,52,51,51,51,52,52,51,51,51,52,51,51,51,52,52,48,50,51,52,51,51,51,50,51,51,51,51,52,53,51,51,50,51,53,53,52,51,52,50,50,52,55,52,49,49,50,51,51,51,51,51,51,51,52,52,54,58,56,55,60,56,54,52,52,52,51,50,50,51,51,50,50,50,50,52,51,51,51,51,51,51,60,61,58,57,53,52,51,52,52,52,53,52,52
alpha_001.png,40,40,41,42,41,43,43,42,42,43,44,44,45,45,45,44,46,47,47,48,49,50,50,49,48,48,48,47,41,41,42,42,42,42,43,43,42,43,44,45,45,45,45,46,46,47,48,47,48,49,49,49,49,48,47,47,41,42,42,41,42,42,43,42,43,44,43,45,46,46,47,47,47,48,48,49,48,48,49,49,48,48,47,47,41,42,41,42,42,42,42,43,43,44,45,46,46,46,46,46,47,47,49,49,49,48,48,48,48,48,46,47,40,41,42,42,42,42,43,43,44,45,46,45,45,46,47,47,48,49,50,49,49,49,49,48,48,47,47,47,40,41,41,41,42,43,42,43,44,45,45,45,46,46,47,47,47,49,49,50,49,50,49,49,48,48,47,47,40,41,41,42,42,42,43,43,44,44,45,45,45,45,47,47,47,49,50,50,49,49,96,59,48,48,48,48,40,40,41,41,42,43,42,43,43,44,45,45,45,45,46,47,47,49,49,50,49,61,83,53,49,48,48,48,41,41,42,41,42,42,43,44,44,44,44,45,45,46,47,46,47,47,48,48,56,125,64,49,49,49,48,48,41,42,42,41,41,42,43,43,43,44,45,45,47,46,46,46,47,48,48,48,123,77,50,49,49,49,48,48,42,42,41,41,42,42,43,44,44,44,45,46,47,46,47,46,47,49,49,103,91,51,49,49,49,48,48,48,41,41,41,42,43,42,44,43,43,44,45,46,46,46,45,45,47,50,101,110,49,48,49,49,49,48,48,48,42,42,42,42,42,43,43,44,46,59,85,113,126,119,101,77,52,89,112,54,47,48,49,49,49,48,48,48,42,42,42,42,43,44,43,50,108,114,90,67,54,57,80,113,161,143,58,48,47,48,49,49,49,48,49,49,42,42,42,42,43,43,69,105,66,46,44,46,47,47,63,142,115,117,144,64,46,47,49,49,48,49,49,49,42,42,42,42,43,52,101,55,46,45,45,46,47,85,141,104,51,48,88,143,51,48,48,49,49,48,48,47,42,42,43,43,48,123,87,53,46,45,44,64,119,131,76,52,49,49,48,94,120,51,49,49,49,49,48,48,42,43,43,42,98,136,49,46,44,48,99,147,77,50,51,50,49,49,49,47,134,89,48,49,50,50,50,49,43,43,43,40,107,102,48,58,96,150,106,55,48,50,50,49,50,49,50,49,63,151,66,51,50,50,50,50,43,43,43,43,82,153,156,146,111,62,47,49,49,50,50,50,50,50,49,49,49,72,137,121,82,56,52,50,43,43,43,43,44,54,54,48,46,47,49,49,51,50,50,50,50,50,49,50,48,48,51,69,65,53,50,51,43,43,43,44,44,45,46,46,47,48,50,50,50,50,50,49,49,49,50,50,49,49,49,49,49,49,49,50,43,43,44,45,45,45,47,46,48,49,50,50,50,51,51,50,50,50,49,50,50,50,50,49,50,50,49,50,43,44,44,44,45,46,46,47,47,49,50,51,51,50,51,51,50,50,50,49,49,49,49,49,49,50,49,49,44,43,44,45,45,46,47,47,48,49,50,51,51,51,52,51,50,50,51,50,49,50,50,50,50,49,51,50,44,45,44,44,44,45,46,47,48,50,52,52,52,52,52,51,50,51,51,50,50,51,50,51,50,50,51,51,45,45,44,44,45,46,46,47,48,50,52,52,52,52,52,51,51,51,51,52,51,51,51,51,51,50,51,51,45,45,46,45,45,46,46,47,48,51,52,52,52,53,52,51,50,51,51,52,53,52,51,51,51,50,51,51
beta_005.png,55,59,60,60,60,62,62,61,61,59,60,58,57,57,59,62,60,61,61,62,57,58,56,55,54,54,55,56,55,57,57,59,60,59,60,60,60,59,60,59,58,58,58,59,59,59,61,60,57,57,56,55,54,54,54,56,54,56,57,58,58,57,59,59,59,58,58,57,56,57,59,60,60,59,60,60,57,55,55,55,54,54,54,55,55,56,57,57,56,57,58,59,58,58,59,58,57,57,60,60,58,59,60,59,56,55,56,55,55,55,55,54,56,57,58,57,57,57,58,58,59,58,58,59,59,58,60,61,57,57,56,58,56,56,55,56,56,55,55,56,57,60,60,58,61,61,60,59,58,58,57,56,57,56,68,99,111,105,93,62,56,57,56,56,56,56,55,56,59,63,59,59,61,62,61,58,57,57,56,56,72,116,120,91,79,73,96,125,58,56,56,56,57,56,56,56,58,62,60,60,61,61,61,59,57,57,55,76,122,70,60,59,59,61,60,120,71,57,57,57,57,57,57,58,58,62,62,61,61,61,60,59,57,55,79,127,68,59,60,60,60,62,62,120,64,60,59,58,57,57,57,58,58,61,62,63,60,60,60,60,58,59,123,64,58,59,61,61,61,60,74,135,60,61,59,57,57,57,57,57,57,60,62,62,60,61,60,60,57,105,69,58,59,61,63,63,60,81,146,72,62,61,57,57,58,58,58,58,58,59,63,63,63,66,63,61,72,106,56,57,58,59,64,65,93,133,82,65,61,59,57,57,56,57,58,58,57,60,61,62,63,64,63,61,116,69,61,57,56,68,100,127,102,63,61,61,60,60,57,57,56,56,57,57,63,63,63,62,63,64,63,71,95,60,59,58,109,126,131,123,83,59,60,60,60,59,57,61,58,56,56,57,62,66,69,66,64,65,63,118,67,59,58,56,59,61,63,74,123,103,62,62,61,59,63,58,59,57,56,57,58,62,63,62,63,65,63,141,61,59,57,56,56,58,60,61,71,139,63,61,59,57,64,57,56,56,57,56,60,62,63,62,61,62,78,143,60,58,57,55,55,57,59,59,59,142,69,58,58,57,57,57,56,56,56,57,60,64,64,63,62,60,105,130,135,108,64,57,55,56,59,61,82,156,64,59,58,58,57,56,57,56,56,58,61,61,61,61,61,61,119,94,62,87,119,118,129,132,129,146,137,74,61,61,58,58,56,56,56,56,56,60,60,61,61,62,61,59,120,83,58,58,57,60,62,73,83,71,61,62,60,59,58,57,57,56,56,56,58,60,61,62,61,61,60,60,115,84,58,57,58,58,58,58,61,63,62,62,61,59,57,57,57,56,56,57,58,58,61,61,61,61,61,60,110,100,59,58,58,58,59,59,57,60,62,62,61,59,58,58,57,57,58,57,58,59,62,63,63,62,62,59,141,120,58,57,57,56,57,59,60,62,61,61,61,58,59,58,57,57,59,59,60,60,62,63,63,63,63,62,136,84,59,57,57,57,57,58,60,63,62,61,61,59,58,58,58,57,57,59,57,59,62,63,63,63,61,63,80,58,57,57,56,57,57,58,61,60,62,63,62,61,57,57,58,58,58,58,58,59,61,63,64,62,62,62,57,56,56,56,57,57,58,59,64,63,61,63,62,58,56,56,56,56,57,58,58,59,61,63,64,63,62,59,57,57,56,56,56,57,57,57,61,61,60,61,60,57,56,55,55,55,57,57,57,60,61,63,63,62,60,59,58,58,58,57,57,57,58,58,58,59,59,59,58,57,57,56,58,56,57,57,58,63
beta_004.png,51,51,52,52,52,52,52,52,52,52,52,53,52,52,52,52,52,52,53,52,52,52,52,52,53,53,53,53,51,51,52,52,52,52,52,53,53,53,52,53,53,53,53,52,53,53,53,53,53,52,52,52,51,53,54,52,51,51,51,52,52,52,53,54,53,53,53,53,54,54,53,53,53,53,53,53,53,53,53,53,53,53,53,53,51,51,52,52,52,53,53,53,53,53,53,53,54,55,54,54,53,54,54,54,53,53,53,53,53,53,53,53,52,51,53,53,53,53,53,53,53,53,54,54,54,53,54,52,52,53,54,53,53,53,53,54,53,53,53,54,52,52,52,53,53,53,53,53,53,54,54,54,55,54,57,92,134,127,79,54,53,54,53,53,53,53,53,54,52,52,53,53,53,54,54,53,53,53,54,54,53,55,115,112,68,66,129,55,53,53,53,54,53,54,54,54,53,52,52,53,54,53,53,53,53,53,53,53,55,119,100,62,56,60,128,57,53,53,53,53,53,53,54,55,53,54,52,52,53,53,53,53,53,54,52,52,118,85,55,54,54,91,94,55,54,54,53,53,53,53,53,54,53,53,53,53,53,54,53,54,53,53,52,89,91,56,55,52,66,144,62,54,54,53,53,53,53,53,53,54,54,54,54,54,53,53,54,54,54,53,69,128,57,55,55,77,130,71,55,54,54,54,53,53,54,53,53,54,53,54,54,54,54,53,54,56,56,55,117,80,56,54,96,136,69,56,55,54,53,54,53,53,55,54,54,55,53,53,54,54,53,54,53,53,54,71,106,55,53,134,149,131,97,59,55,53,53,53,53,53,54,55,56,55,54,53,55,54,54,54,54,53,52,128,75,55,55,56,58,68,105,136,59,52,53,53,54,54,54,54,55,55,53,54,54,54,54,54,54,54,70,123,57,56,56,56,54,54,54,89,109,53,53,54,54,54,54,54,55,54,54,54,54,54,54,54,54,54,104,95,58,56,56,55,54,54,54,59,131,56,54,55,54,54,54,55,54,54,54,54,54,54,55,55,54,55,142,85,57,56,56,56,57,56,56,75,129,56,55,56,56,56,55,55,55,55,54,54,55,54,55,55,54,65,155,69,59,55,57,56,56,55,92,161,85,55,56,55,55,55,56,56,55,55,54,55,55,55,55,55,54,85,129,136,140,126,105,104,137,138,122,71,57,55,55,56,56,55,55,55,55,55,54,54,55,55,55,55,54,146,97,66,58,58,62,72,68,57,56,55,56,55,55,55,55,56,55,55,55,55,54,54,55,55,55,56,55,153,98,58,57,56,56,56,55,55,55,56,56,55,55,54,55,56,56,55,54,55,55,54,54,54,55,55,70,147,58,56,57,56,56,56,56,55,56,55,55,55,55,55,56,56,56,56,56,55,54,54,54,54,54,54,73,84,56,55,56,56,56,56,55,55,55,56,55,55,55,55,55,55,55,56,56,56,55,54,55,54,54,53,53,54,54,55,56,55,55,55,55,55,55,56,55,55,55,56,55,55,55,55,55,55,55,56,54,54,54,54,55,55,55,55,55,55,55,55,56,55,55,55,56,55,55,56,56,56,55,56,56,56,55,55,55,55,54,55,55,55,55,56,56,55,55,55,56,55,55,56,56,56,56,56,56,57,56,56,55,55,55,56,55,54,54,55,55,55,56,56,57,57,56,55,55,55,55,55,56,56,57,56,56,56,56,56,56,56,55,55,56,55,55,55,55,55,56,56,56,56,56,56,55,55,55,56,56,56,56,56,56,57,57,56,56,56
alpha_004.png,50,49,48,49,48,48,49,48,49,49,50,49,51,51,51,51,52,52,52,54,55,55,54,52,52,52,57,60,48,49,49,49,48,49,50,49,50,48,50,50,51,51,51,52,52,52,52,52,50,51,53,55,54,54,55,56,49,49,49,50,49,49,50,50,50,50,50,51,50,52,52,52,52,53,52,52,51,51,51,52,53,54,55,56,48,49,50,50,50,50,50,50,50,50,51,51,50,55,54,54,54,52,52,53,51,50,51,51,53,53,54,57,49,48,49,50,51,50,50,48,49,50,50,52,52,54,55,55,55,55,55,54,52,51,51,52,53,54,56,57,49,49,49,49,49,50,49,49,49,50,50,51,53,54,54,54,54,54,54,53,53,51,51,52,53,55,56,57,49,49,49,49,49,49,50,49,49,50,50,51,52,55,55,55,56,56,52,52,52,52,52,52,53,55,56,56,49,49,49,49,49,49,50,50,50,50,51,50,52,56,55,55,56,57,55,53,52,52,52,53,54,54,56,56,49,49,49,49,49,50,50,50,50,50,51,53,54,57,55,55,55,55,56,53,53,53,53,54,54,55,55,55,49,49,49,49,50,50,50,50,51,51,51,52,55,56,58,58,58,57,55,53,53,53,54,54,54,54,54,54,49,49,49,50,50,50,50,51,51,51,51,50,54,54,55,56,57,55,53,52,53,53,54,54,54,54,54,54,50,50,50,50,50,50,50,51,53,53,58,108,130,115,70,56,57,60,57,52,54,54,53,55,55,55,56,57,50,50,50,50,50,50,50,49,50,56,138,87,59,73,139,102,60,115,82,53,54,54,55,56,56,56,57,58,50,50,50,50,50,50,50,50,49,123,83,54,54,52,70,158,143,93,55,54,55,55,55,56,56,57,57,56,50,51,51,50,51,50,50,48,79,143,53,54,53,52,76,151,159,61,53,54,55,55,57,57,57,56,56,55,51,51,51,51,51,51,51,49,84,122,52,51,60,119,129,78,116,127,53,52,55,55,56,56,57,56,55,55,51,51,51,52,51,51,51,51,59,129,127,133,136,85,55,54,55,135,106,56,55,56,57,58,57,57,55,57,51,51,51,52,51,52,51,52,52,58,76,70,54,54,55,56,56,62,144,87,56,56,57,57,57,57,58,58,51,51,51,51,51,52,51,50,51,52,52,53,55,56,55,56,56,56,65,114,100,61,58,58,57,58,57,56,51,51,51,51,51,51,51,51,52,53,52,53,55,57,58,57,57,57,56,55,56,63,59,59,57,58,57,56,51,51,51,51,51,51,51,51,51,51,51,51,54,55,56,57,59,59,57,56,57,58,57,58,58,57,57,58,51,51,51,51,52,51,51,51,51,52,51,53,54,55,55,55,55,56,56,56,57,57,57,58,58,57,57,58,51,51,52,51,52,51,52,51,51,51,53,53,53,54,57,57,57,57,55,55,59,58,57,58,58,57,58,59,53,53,52,52,52,51,51,51,51,52,54,54,54,55,57,57,56,56,56,56,56,56,57,57,57,57,57,59,52,53,52,53,52,51,52,53,52,51,54,55,56,58,57,58,59,56,56,56,56,55,55,57,56,56,56,57,52,53,53,53,53,52,53,53,51,51,52,54,55,56,57,57,57,57,57,56,55,55,55,56,57,55,56,57,52,52,53,53,53,53,53,52,52,51,52,55,57,58,57,58,57,58,57,56,55,55,55,56,56,55,58,58,53,52,52,52,52,53,53,53,53,53,54,56,57,58,58,58,61,60,58,57,56,55,55,55,55,54,56,56
beta_001.png,46,46,46,46,46,45,47,48,48,47,48,49,49,49,49,50,49,50,49,50,51,51,50,51,50,50,51,52,45,45,46,46,46,45,47,47,48,48,49,48,49,50,50,50,50,49,48,47,50,50,49,50,51,50,52,52,46,46,46,46,46,47,47,47,48,48,48,49,49,51,50,50,49,51,83,109,140,141,61,49,51,51,52,52,46,47,47,47,46,47,47,46,48,48,49,49,50,52,55,62,86,132,133,89,63,127,77,50,51,51,52,52,46,47,47,47,46,47,47,47,48,48,49,49,51,51,57,103,139,81,57,55,66,159,61,50,52,51,52,52,45,47,47,47,47,47,47,47,48,48,49,50,51,55,118,118,63,54,53,55,121,121,52,51,51,51,51,51,47,47,47,47,47,46,47,47,47,48,49,50,54,117,104,56,55,51,48,74,137,58,51,50,50,49,51,51,47,47,47,47,47,48,47,47,47,47,48,51,122,104,51,49,52,50,90,130,63,51,50,50,49,50,50,51,47,47,47,47,47,47,47,47,46,45,48,99,94,52,49,48,56,111,116,58,50,49,50,50,49,49,49,50,47,46,47,47,47,46,47,47,46,45,70,115,52,50,53,75,133,89,52,50,49,49,49,49,48,49,50,50,47,47,47,47,46,47,47,47,46,58,119,63,49,60,145,119,64,51,50,51,50,49,49,49,49,50,50,50,47,47,47,47,47,48,47,47,47,100,75,54,54,61,130,126,82,59,50,48,49,49,49,49,48,49,49,50,47,47,47,47,47,47,47,45,72,106,54,50,50,50,53,61,100,136,121,70,49,48,48,48,48,49,50,50,47,47,47,47,46,47,47,51,123,60,50,49,49,50,52,51,48,52,81,141,120,58,48,48,49,49,50,50,47,46,47,47,48,48,48,92,81,52,51,49,49,51,51,50,48,48,47,51,108,129,53,48,50,49,50,51,47,48,48,48,48,47,56,115,57,54,51,49,50,51,50,50,49,48,47,48,51,131,74,48,49,50,51,51,48,48,48,48,47,47,100,75,56,58,54,54,50,49,49,49,49,46,46,48,82,161,69,48,50,50,51,51,49,48,48,48,48,54,118,73,69,54,61,61,54,52,51,53,56,63,95,139,152,89,49,49,51,51,52,52,47,48,48,47,47,96,138,100,80,143,120,74,80,106,122,129,124,138,104,78,53,49,49,50,50,51,52,52,47,47,47,47,49,122,68,112,151,144,110,100,95,90,87,69,60,53,48,49,49,49,50,50,50,51,51,51,47,47,48,48,82,121,50,82,118,54,52,53,54,51,48,48,48,47,47,48,49,49,50,50,50,50,51,51,47,46,47,48,124,84,68,124,60,52,52,53,52,49,48,48,47,48,48,49,49,49,50,50,51,51,51,51,47,47,48,59,182,82,122,72,53,52,53,52,52,50,49,48,48,48,48,49,49,49,49,50,50,51,51,51,47,48,48,77,141,127,97,52,51,52,53,53,52,49,49,48,47,48,48,48,49,49,49,50,50,51,52,52,47,48,47,87,164,113,56,53,52,52,52,51,48,48,49,49,48,48,48,48,49,49,49,50,49,51,51,51,47,48,48,74,135,60,53,53,54,54,53,52,50,49,49,49,48,48,48,48,49,49,49,49,49,50,52,52,47,47,46,47,49,50,53,54,53,53,51,51,51,50,49,49,49,48,47,48,49,49,49,50,50,51,50,51,47,47,48,48,49,51,53,54,52,53,51,50,50,49,48,48,48,48,48,48,49,49,49,49,50,51,51,52
alpha_005.png,58,57,54,56,53,51,51,51,50,50,51,51,51,53,53,52,53,55,51,51,50,50,49,48,48,48,48,47,59,57,55,56,54,52,51,50,50,50,50,51,54,54,53,52,53,57,53,51,49,49,49,48,48,48,47,48,56,55,56,56,53,53,51,51,50,50,50,51,54,54,53,52,53,53,51,50,50,50,49,48,48,47,48,48,56,55,55,55,53,51,51,51,50,50,50,50,51,55,53,53,53,51,50,49,50,50,49,49,49,47,48,49,59,55,55,55,53,51,51,50,51,50,51,52,51,52,52,52,52,52,50,50,50,50,50,49,49,49,49,49,59,58,55,54,52,52,51,51,51,51,51,51,52,52,52,52,51,51,50,50,51,50,50,49,49,48,49,49,58,58,57,55,52,51,50,50,51,51,51,52,52,52,52,52,50,50,50,50,50,50,49,49,49,49,49,49,57,56,55,52,50,51,50,50,51,52,52,52,52,52,52,53,52,48,50,50,50,49,49,49,49,49,49,49,56,53,51,51,50,49,50,50,50,51,51,52,53,53,53,55,57,101,63,51,51,50,49,49,49,49,48,49,55,52,51,51,50,50,50,50,50,51,52,52,54,54,56,59,55,141,73,50,51,50,49,49,49,49,48,50,54,53,51,51,52,51,50,51,52,52,53,52,55,82,130,59,62,138,68,51,51,50,50,49,50,50,50,50,54,54,52,52,52,52,51,52,53,53,53,51,53,131,150,72,78,140,56,53,52,50,48,50,50,50,50,50,56,56,55,53,52,51,51,52,52,53,53,54,111,90,127,99,112,97,55,53,54,53,51,50,50,50,50,51,58,57,54,52,53,52,52,51,51,52,53,56,123,61,104,121,142,63,58,57,53,53,52,51,51,51,51,51,59,58,56,54,53,52,51,51,52,54,52,88,91,56,90,162,90,55,55,53,52,52,52,52,52,52,51,50,58,57,57,55,54,52,51,52,52,53,58,115,57,55,92,170,56,55,53,52,52,53,52,52,52,52,52,53,56,56,56,57,55,53,52,51,50,51,85,143,60,86,140,107,130,59,54,52,52,52,52,51,51,52,52,52,56,56,56,58,58,55,53,54,52,51,84,113,93,149,66,58,106,130,78,53,53,51,51,51,51,52,51,52,57,57,58,61,60,58,53,55,54,53,58,149,130,64,57,57,59,58,58,56,54,52,52,51,51,52,51,53,56,56,56,57,56,58,55,54,54,53,53,57,58,58,57,56,59,59,57,55,53,52,52,51,52,51,51,53,56,55,56,56,54,54,55,54,55,54,53,53,54,55,55,56,55,56,55,55,53,52,52,51,51,52,52,53,56,55,57,58,54,54,53,55,55,55,55,55,55,56,57,58,56,55,54,53,53,52,52,52,52,53,52,52,57,57,57,57,53,53,53,54,54,54,54,54,55,55,56,57,56,56,54,53,54,53,52,52,52,53,52,52,57,56,56,54,53,53,53,53,54,55,55,55,55,56,55,56,57,56,54,54,53,53,52,51,52,52,53,52,60,60,58,55,54,53,54,53,54,54,55,56,59,61,57,57,57,55,53,52,52,52,51,51,53,53,54,54,57,57,59,57,54,53,53,53,53,54,55,56,56,56,57,57,56,55,52,51,51,51,51,51,52,52,55,53,57,55,56,55,54,53,53,53,53,53,54,55,55,55,56,55,56,54,53,52,51,51,51,52,52,54,56,55,57,57,57,54,52,53,53,53,53,53,53,55,56,57,58,57,56,55,54,53,52,52,51,52,53,55,57,55
alpha_007.png,51,53,53,53,53,51,50,49,51,51,51,51,51,51,51,52,52,50,50,48,48,47,48,49,48,48,49,49,51,53,53,53,53,52,50,51,51,51,51,51,51,51,52,51,50,49,49,49,47,48,47,49,48,48,48,48,53,55,54,53,54,53,51,51,51,51,51,51,51,51,51,50,50,48,48,49,48,48,48,48,48,48,47,48,54,54,54,54,55,55,55,53,52,52,51,52,52,52,52,50,49,48,48,49,48,48,48,47,48,48,47,47,56,54,54,55,55,53,52,52,52,52,52,52,52,53,51,50,51,49,49,48,49,48,47,48,47,47,47,46,56,55,54,54,54,53,52,52,51,52,52,51,53,53,53,51,51,50,49,49,49,49,48,47,47,48,48,48,55,56,55,55,53,52,51,51,51,51,52,52,52,53,53,52,53,51,50,50,49,49,48,48,48,47,48,48,56,56,56,54,52,53,52,51,52,51,52,51,50,53,53,52,52,51,51,50,50,49,49,48,48,48,48,48,55,56,56,54,53,54,54,52,51,51,50,50,50,53,53,53,52,52,51,50,49,48,49,48,48,48,48,48,55,56,56,55,55,53,55,53,51,48,59,58,53,53,53,53,52,51,48,48,47,50,48,49,48,48,49,48,55,55,55,54,54,54,52,52,49,60,138,152,63,53,52,52,50,49,46,81,108,95,49,49,49,49,49,50,54,55,55,55,55,53,53,52,48,111,72,85,140,54,51,51,50,51,112,125,59,54,48,48,48,49,50,49,55,57,56,55,54,54,53,52,61,123,52,52,151,84,52,51,55,132,92,49,50,50,49,48,49,49,50,49,56,58,57,55,53,53,53,51,85,73,51,51,119,129,52,75,145,87,51,51,49,50,50,49,49,48,49,50,54,57,57,57,54,52,52,50,149,81,52,50,65,162,130,126,66,54,53,51,50,49,49,51,50,49,50,50,55,55,55,56,55,54,52,92,148,53,53,54,88,166,147,58,54,53,51,51,50,50,49,50,50,50,49,49,57,57,56,56,55,54,52,80,97,52,92,149,104,63,151,119,55,52,52,50,49,49,50,50,50,49,49,49,57,58,56,56,55,55,54,79,142,139,113,64,52,52,67,145,125,90,59,49,48,50,50,50,50,49,49,49,56,55,56,57,56,55,55,65,86,59,55,51,52,54,54,54,73,102,107,87,53,49,50,50,48,49,49,48,56,55,57,57,56,56,55,54,53,52,54,53,55,56,54,55,56,55,52,51,49,49,50,50,50,50,49,48,58,57,57,56,56,56,57,54,52,53,52,52,56,57,54,54,54,54,52,52,50,50,50,50,49,49,50,50,57,56,55,56,55,55,55,53,52,53,52,51,55,58,56,55,56,53,52,51,51,50,50,50,50,50,50,50,55,55,54,55,56,55,53,53,53,52,51,51,54,55,56,56,55,54,53,51,51,51,51,50,50,49,48,50,56,56,56,55,55,53,52,53,52,51,51,51,54,56,56,56,56,55,53,51,51,51,50,50,50,49,48,49,55,55,55,54,54,54,52,52,52,52,52,53,55,56,56,56,56,55,53,52,51,51,50,50,50,49,49,49,57,58,57,56,54,53,52,52,52,52,51,53,53,55,55,55,56,55,54,52,52,51,50,50,50,50,50,50,56,57,57,59,54,53,52,53,52,52,53,53,56,57,57,57,58,55,53,53,52,52,50,50,50,50,50,51,57,56,57,59,54,52,52,52,52,52,52,53,55,56,56,56,57,54,52,52,52,51,49,49,50,51,51,51
beta_003.png,53,53,52,53,52,51,52,52,52,51,51,52,52,52,52,51,51,52,52,52,51,52,51,52,51,51,51,51,53,53,53,52,52,51,52,52,53,52,52,52,53,53,53,52,52,52,52,53,52,52,51,51,51,51,51,51,53,53,53,53,51,51,52,52,52,52,52,52,53,53,53,54,54,53,53,54,53,52,52,52,52,51,50,51,53,53,53,53,53,52,52,52,52,53,53,53,54,54,54,54,53,52,52,52,52,52,52,52,51,51,51,51,54,53,53,53,53,53,53,52,52,52,54,54,54,55,55,54,52,54,86,102,68,53,53,53,52,52,52,51,53,53,54,54,54,53,53,52,54,52,54,55,54,55,55,54,96,125,116,83,123,54,53,53,52,52,51,51,53,53,53,53,53,53,53,54,54,53,53,54,54,54,57,102,99,66,57,60,137,54,53,52,52,52,52,51,52,52,52,53,53,53,54,54,54,54,53,55,54,56,115,85,57,53,53,93,90,54,53,52,52,53,52,52,52,52,52,53,53,53,55,54,55,55,54,54,55,102,59,53,54,53,61,131,55,53,52,52,53,52,53,52,52,52,53,53,52,53,53,53,54,55,55,56,103,74,54,54,54,57,97,77,54,53,53,53,52,52,52,52,52,52,52,53,53,54,52,52,54,55,55,83,74,54,55,55,84,117,73,54,53,53,53,53,53,52,53,53,51,52,53,54,54,54,53,52,54,52,65,96,54,55,55,71,137,64,54,54,53,53,53,54,53,53,53,53,52,53,53,54,55,54,55,54,54,57,97,55,55,55,55,53,108,86,54,54,54,54,54,54,53,53,53,54,52,52,53,54,54,54,55,55,55,106,73,56,55,55,55,54,65,126,57,53,53,53,54,54,53,53,53,53,52,53,53,53,53,54,54,60,154,133,62,55,55,54,54,53,56,115,75,54,53,53,54,53,54,53,53,53,53,53,53,53,53,53,53,59,108,97,105,117,74,55,52,54,53,92,106,54,54,53,53,54,53,54,54,53,53,54,54,54,54,54,51,94,66,56,55,69,100,119,121,98,96,128,97,55,54,54,53,53,53,53,54,53,53,54,54,54,54,54,64,97,57,55,55,54,54,55,71,93,114,94,58,54,55,55,54,55,54,53,54,53,54,54,54,54,54,53,120,73,57,55,55,55,55,55,54,55,56,56,55,55,54,55,54,54,54,55,54,54,54,54,55,55,55,56,130,58,56,56,55,55,55,55,55,55,55,54,54,54,54,54,54,54,54,55,55,55,53,53,54,55,54,120,122,61,56,56,55,55,55,55,55,55,55,54,54,55,55,55,55,54,54,54,55,55,54,54,55,55,53,105,114,69,55,56,55,55,55,55,55,55,55,55,54,55,55,54,54,54,54,54,54,55,54,54,54,56,52,149,83,55,55,55,56,55,56,55,55,55,55,55,55,56,56,55,55,54,54,54,54,54,54,54,54,54,54,97,67,54,56,56,55,56,55,55,55,55,55,55,55,56,55,55,55,55,54,54,54,54,54,54,54,54,54,54,55,55,55,55,55,55,55,55,55,56,55,55,55,55,55,56,55,55,55,54,54,54,55,55,54,54,54,55,54,55,55,55,55,55,55,55,55,55,55,55,55,55,55,55,55,55,55,55,55,55,54,53,54,55,54,54,54,54,55,55,55,55,55,55,55,55,56,56,55,55,56,55,55,55,55,55,55,55,52,53,54,54,53,53,54,54,54,55,55,55,55,55,55,55,55,55,55,55,55,55,55,56,56,55,55,55
beta_002.png,52,52,52,52,52,52,52,51,52,52,53,52,51,51,51,50,50,50,51,51,51,51,51,50,51,52,52,53,53,53,52,52,52,51,51,51,52,52,52,51,51,51,51,51,50,51,51,51,51,51,50,50,51,52,52,52,53,52,51,52,52,52,52,51,52,52,51,51,51,51,51,51,51,52,51,51,51,51,50,50,51,52,52,52,52,52,52,51,52,52,52,52,52,51,50,51,51,51,51,51,52,52,52,51,51,51,52,51,52,52,52,52,52,52,51,52,52,52,52,52,52,51,51,51,51,51,51,51,49,50,50,51,52,52,51,51,52,52,51,52,52,52,52,52,52,52,52,52,52,52,52,52,52,52,50,46,67,103,116,85,52,52,52,51,52,52,52,52,52,53,52,53,52,51,51,52,52,52,52,52,52,51,53,109,133,68,78,130,53,52,52,51,51,52,52,51,52,51,52,53,52,52,52,53,52,52,52,53,51,52,129,92,58,54,111,104,53,52,52,51,51,52,52,53,51,52,52,52,52,52,52,51,52,52,51,51,54,127,81,54,53,71,134,56,52,51,51,52,51,51,52,52,51,51,51,51,53,52,52,51,52,53,51,50,105,91,54,54,59,110,67,53,52,51,51,50,51,51,51,52,52,51,52,53,53,53,52,52,52,52,50,74,107,53,50,85,118,69,51,50,51,51,51,51,51,50,51,51,52,52,51,53,53,53,53,54,52,52,59,125,60,52,84,140,61,52,52,53,51,51,52,51,50,51,51,50,52,51,52,53,53,53,53,53,51,52,116,77,55,61,136,60,52,53,53,55,52,52,52,52,52,51,51,50,52,52,53,53,53,53,53,53,53,70,110,57,54,54,136,83,53,53,52,52,52,52,53,52,51,52,51,51,52,52,53,52,53,53,53,53,53,122,65,53,53,52,68,137,131,60,53,53,53,53,53,52,53,52,52,52,52,52,52,52,53,53,53,52,89,98,54,53,54,53,52,54,109,143,66,53,53,53,52,53,52,52,52,51,52,51,52,52,52,53,56,61,117,61,53,53,54,54,54,53,52,84,123,53,53,52,52,52,51,52,53,52,52,53,53,53,52,73,90,78,96,52,51,51,51,50,51,52,65,112,122,53,52,52,51,51,51,53,53,53,54,53,53,53,53,64,118,138,111,90,111,113,112,107,141,133,131,106,59,53,51,51,52,51,53,52,53,53,53,53,53,53,52,52,80,92,80,89,85,73,75,82,72,58,54,52,53,53,53,53,53,53,53,53,53,53,53,53,53,52,52,52,123,64,82,87,58,53,54,53,52,52,52,53,52,51,53,53,53,54,54,54,53,53,53,53,53,53,53,73,154,87,118,57,54,52,53,53,52,52,52,53,52,51,52,53,53,54,55,54,53,53,53,53,53,54,52,98,145,133,58,54,52,52,52,52,52,51,52,53,53,52,52,53,53,53,54,54,53,53,53,53,53,54,54,118,149,63,53,53,52,52,52,52,51,52,52,52,53,52,52,53,53,54,54,54,53,53,52,52,53,53,53,94,62,51,52,53,54,53,53,53,52,52,53,53,53,53,53,53,53,53,54,54,53,54,52,52,53,53,53,54,54,52,52,52,52,52,59,74,54,53,53,53,53,53,54,53,53,53,54,54,53,54,52,52,53,53,53,53,53,52,52,52,52,52,53,59,54,53,54,53,53,53,53,53,53,53,54,54,54,54,52,53,53,53,53,53,53,53,53,51,52,52,52,52,53,54,54,53,53,53,54,53,54,53,54,54,53,53
alpha_006.png,48,49,50,50,51,52,53,52,52,50,49,48,49,49,49,49,48,49,49,51,52,54,54,52,52,52,53,51,50,49,50,50,51,52,52,53,52,48,48,48,49,49,50,50,50,51,51,52,52,53,52,52,52,51,53,52,50,49,50,51,52,53,53,53,53,50,48,49,48,48,49,50,50,51,53,52,52,52,53,52,52,51,50,50,50,50,51,51,52,53,54,53,53,52,49,49,49,49,49,49,50,51,53,53,54,53,52,51,49,49,49,50,49,50,49,52,52,53,53,53,52,49,50,50,49,49,49,50,51,52,53,53,54,53,53,51,50,49,50,50,50,50,51,52,53,53,53,53,52,50,50,50,49,48,48,49,50,51,53,54,52,51,52,49,49,49,49,49,50,50,51,52,52,52,53,52,51,50,50,50,49,48,50,50,51,51,50,51,53,52,53,49,48,48,48,51,50,50,50,51,51,51,51,51,51,50,49,50,49,48,50,50,50,50,50,51,52,52,50,50,50,50,49,51,50,50,50,49,50,51,51,50,50,49,49,50,49,50,51,49,50,49,52,58,51,51,50,50,50,50,50,51,50,50,50,50,50,50,51,49,50,49,47,49,50,50,51,52,50,50,96,99,51,51,50,50,50,50,51,51,50,50,50,51,51,51,51,49,50,75,115,74,50,50,50,51,50,63,136,59,51,51,50,50,50,51,51,52,51,51,51,51,51,51,50,50,75,119,94,137,124,51,49,50,52,136,82,52,52,52,51,51,50,51,51,53,52,52,53,54,54,52,51,59,103,62,53,52,111,131,51,49,118,110,59,54,53,52,53,51,51,51,52,53,53,54,55,54,54,53,51,110,88,53,56,52,52,118,102,105,115,55,54,53,53,53,52,51,52,52,53,54,54,55,55,55,54,53,54,140,54,52,52,53,51,51,150,135,53,53,54,55,53,53,53,51,52,53,53,52,54,54,54,54,54,53,53,157,52,51,51,51,50,100,130,147,56,54,53,54,54,54,53,53,53,53,53,52,53,53,54,54,54,51,51,126,56,53,51,59,140,105,53,119,122,57,55,54,54,55,54,53,53,53,52,54,54,53,54,53,52,53,51,74,125,108,129,134,79,52,51,62,147,102,57,54,55,54,54,53,54,53,54,53,53,54,53,52,52,53,52,51,63,73,66,54,52,53,53,53,64,141,103,56,54,54,54,53,52,53,53,53,53,52,52,52,52,52,51,51,51,49,50,51,52,53,54,54,53,62,122,128,93,57,53,53,53,53,53,53,51,51,52,53,53,52,51,51,51,50,50,51,52,53,55,55,55,56,57,59,61,57,54,54,54,53,53,53,51,51,51,52,52,52,51,51,51,51,51,51,52,53,55,55,56,56,56,55,58,57,54,55,53,53,53,53,51,50,52,52,52,52,51,50,51,51,51,51,52,53,55,55,56,55,56,57,57,57,54,54,54,53,53,53,53,52,51,52,52,52,52,51,51,51,51,53,53,53,55,56,56,56,55,56,57,55,54,55,53,54,54,54,54,51,51,51,52,53,52,51,51,52,51,51,52,53,53,53,54,54,54,53,54,54,54,54,53,55,54,54,55,53,53,53,52,52,51,51,51,52,52,51,52,52,53,54,53,54,53,53,53,53,54,54,54,54,54,54,54,54,54,54,52,52,51,51,52,51,51,52,51,52,52,50,51,52,53,53,54,54,54,54,54,55,55,55,54,54,53,52,52,51,51,51,51,51,51,52,51,51,52,49,52,53,53,54,54,54,54,54,55,55,55,56
alpha_008.png,48,47,47,48,48,48,47,48,49,50,51,51,51,50,51,50,50,50,50,50,48,49,49,49,49,50,51,51,48,48,48,49,49,48,48,48,50,51,51,50,50,50,51,50,50,50,50,50,49,48,48,48,49,51,51,52,48,48,48,49,49,49,49,49,51,51,51,51,50,50,50,50,50,50,50,49,49,49,49,49,49,51,51,52,48,48,48,49,49,50,49,49,51,51,51,51,51,51,50,49,50,50,50,49,50,49,50,49,51,51,52,51,48,48,48,48,49,49,51,51,51,52,52,51,51,51,50,50,50,50,50,50,50,50,52,51,52,52,52,52,47,48,48,48,49,49,50,50,51,51,51,51,52,51,50,50,50,50,50,51,51,51,53,53,54,53,53,54,48,48,48,50,50,50,51,51,51,51,52,52,52,51,51,50,50,51,50,50,50,50,52,53,53,54,54,54,48,48,49,50,50,51,51,50,51,51,52,52,52,51,51,51,51,51,51,51,49,49,50,52,53,53,54,54,48,50,50,50,51,51,51,51,52,52,51,53,52,52,51,51,50,52,52,51,50,50,51,52,53,54,54,54,48,49,49,49,50,50,51,51,52,52,53,52,52,51,52,51,51,52,51,48,51,51,52,53,54,54,55,55,49,50,50,49,50,50,52,52,52,53,51,51,51,53,53,52,52,52,52,93,99,53,53,53,54,54,55,56,49,49,49,50,50,51,51,52,52,52,58,103,63,52,52,52,51,49,118,86,67,52,53,53,55,54,55,54,49,50,49,51,51,51,52,52,51,53,110,83,145,91,51,52,50,112,101,54,52,51,52,53,53,54,55,54,50,50,51,50,51,51,52,51,50,81,79,53,72,149,82,49,117,111,53,53,52,51,51,52,52,53,54,54,50,51,50,50,51,51,51,50,53,123,57,55,50,66,155,147,98,53,53,52,52,52,52,51,53,53,53,54,51,52,51,50,51,51,51,51,68,130,55,53,51,51,141,176,64,53,54,53,52,53,51,51,53,53,54,54,50,51,51,51,50,51,52,51,116,120,56,53,55,139,90,91,151,89,53,51,51,52,51,52,52,53,54,55,50,50,50,51,51,51,52,50,117,100,55,68,151,96,53,53,77,145,97,58,50,52,52,52,53,53,53,54,49,50,49,50,51,51,52,50,60,131,129,145,64,50,51,51,50,54,90,106,63,52,53,54,52,52,53,53,49,50,49,50,50,50,51,51,51,82,86,53,48,49,51,51,50,50,50,51,52,53,53,53,53,53,52,53,49,49,49,50,50,50,51,51,51,51,50,50,50,49,51,51,51,51,51,52,52,52,52,52,52,53,53,53,49,50,50,49,50,51,51,51,51,50,49,49,49,50,51,51,51,52,53,53,52,52,53,52,53,53,54,54,49,49,49,50,51,49,50,51,50,49,49,49,49,50,51,51,51,51,52,53,53,53,53,53,53,53,54,55,49,49,49,51,50,50,50,50,50,50,50,50,50,51,51,51,52,52,53,53,53,53,53,53,52,52,53,54,50,50,50,50,50,49,50,50,51,50,50,50,50,51,52,52,52,53,53,53,53,53,54,53,52,52,54,55,49,50,51,50,50,50,50,50,50,50,50,50,50,51,51,52,52,52,53,53,54,54,53,52,52,53,54,54,49,49,50,50,50,50,50,50,50,50,50,50,51,51,52,52,52,52,54,53,54,54,53,52,53,53,55,56,50,51,49,51,51,50,50,50,50,50,50,51,51,51,51,52,52,53,53,53,53,52,52,52,53,52,54,56
alpha_009.png,50,51,52,52,50,50,50,49,47,48,49,48,48,48,49,48,48,48,49,50,51,51,50,51,49,48,48,47,52,52,54,53,51,51,51,50,50,48,49,49,48,48,48,49,49,49,49,50,51,51,51,52,49,49,48,47,51,52,54,52,52,50,49,50,49,49,48,49,48,49,49,50,49,50,50,51,51,51,51,52,50,49,48,47,54,53,53,53,52,51,50,50,49,49,49,49,48,49,49,50,50,51,51,51,51,51,51,50,49,48,47,48,54,53,53,53,53,51,50,50,49,49,49,49,49,50,51,50,51,51,51,52,51,51,50,48,48,48,47,47,54,54,53,54,52,51,50,50,50,49,50,50,51,51,52,51,50,52,53,53,52,50,49,48,47,47,47,47,54,54,53,53,53,51,50,50,49,50,50,50,50,51,52,52,51,51,53,52,52,51,48,48,49,49,48,48,55,54,54,54,52,51,51,51,50,50,50,50,50,51,51,52,53,53,51,52,52,51,49,48,49,49,48,48,55,55,55,56,54,52,52,52,50,50,50,50,50,50,52,52,53,53,50,51,52,51,49,48,49,48,49,49,55,55,55,54,54,52,52,52,51,49,49,49,48,49,51,51,53,52,123,66,51,51,50,48,48,49,49,48,54,54,55,54,54,53,52,51,51,51,49,52,67,69,53,49,55,138,93,54,50,51,50,48,49,49,48,48,54,54,55,53,53,52,52,52,53,49,82,117,129,122,135,100,140,95,53,50,51,50,50,49,49,48,48,47,54,55,54,54,53,53,53,52,51,79,89,54,54,53,56,159,156,94,49,50,50,49,49,48,48,48,48,47,54,54,54,55,53,53,53,51,51,126,60,52,52,53,124,105,66,140,96,51,50,50,49,50,49,49,49,48,53,54,54,54,54,53,53,51,130,104,50,52,72,144,83,54,53,54,136,89,50,50,50,50,49,48,49,49,55,55,54,54,54,54,53,51,151,56,51,98,140,70,55,55,55,54,63,140,88,49,51,50,49,48,49,48,52,54,55,55,55,55,54,50,125,112,155,110,53,55,54,53,54,53,53,53,115,105,51,49,49,49,48,49,53,54,53,52,54,53,53,52,78,97,64,50,53,53,54,52,53,52,52,51,52,76,66,48,48,48,48,48,53,53,53,53,55,55,53,52,53,54,54,54,54,54,54,53,52,52,51,50,50,50,49,49,48,48,48,48,54,53,53,54,54,53,53,52,52,54,53,53,54,54,54,54,52,51,53,50,50,49,48,49,49,48,49,48,55,55,56,55,54,53,52,52,53,53,53,54,53,53,54,53,53,52,51,51,50,50,48,48,48,49,48,49,53,55,55,55,55,54,53,53,52,53,53,53,53,54,53,53,54,53,53,51,50,50,50,49,48,49,48,48,55,55,56,55,54,54,52,53,53,52,53,53,53,54,53,53,53,53,53,52,50,50,50,50,49,48,49,49,54,55,55,55,56,53,52,52,52,52,52,53,53,54,54,53,52,52,52,52,51,50,50,50,49,49,48,49,55,54,56,55,55,53,53,52,52,52,53,52,54,54,54,54,53,52,51,52,51,50,50,50,50,49,48,48,56,57,56,56,54,53,53,52,52,52,53,52,54,54,54,53,52,52,51,51,52,50,50,50,49,48,48,49,55,56,56,54,53,53,53,53,53,53,52,53,53,53,54,54,52,52,52,52,53,53,50,50,49,49,48,49,55,56,57,56,54,53,54,54,53,53,52,52,54,53,53,54,54,53,53,53,53,52,50,51,50,50,49,49
beta_009.png,53,52,54,55,55,54,55,54,55,56,55,55,53,54,54,54,55,55,54,54,53,53,53,52,51,52,51,51,53,53,53,54,55,56,56,56,56,56,56,54,53,54,54,54,55,54,54,54,53,53,53,52,51,51,51,50,52,53,53,53,55,55,55,56,57,58,55,54,53,53,54,54,53,53,52,53,53,54,53,51,51,51,51,51,53,52,52,53,54,54,55,56,56,55,54,53,53,54,54,53,51,77,115,135,141,138,107,55,50,51,51,52,53,52,52,53,53,55,54,55,56,54,54,54,54,54,54,73,135,104,59,56,58,55,103,102,51,53,52,52,51,52,52,52,55,54,54,55,56,55,54,54,54,53,88,113,63,54,56,54,54,55,88,118,53,53,52,51,50,51,52,53,53,53,53,54,55,55,54,53,53,96,83,54,55,56,56,56,55,57,124,95,55,54,53,51,51,51,52,53,53,54,54,54,55,54,54,52,87,104,53,54,55,56,57,57,54,54,156,62,52,53,53,51,51,52,52,53,53,53,54,54,54,54,52,69,109,53,53,54,55,55,55,52,56,145,88,53,53,52,52,52,51,51,51,53,52,52,52,53,53,53,55,123,57,52,53,54,55,55,53,60,142,108,55,53,52,52,52,51,52,52,51,51,51,51,52,53,52,53,98,83,52,53,53,53,54,59,102,136,85,57,52,53,53,52,52,51,52,51,52,51,52,52,52,53,51,60,115,55,53,52,51,55,80,115,100,60,56,55,53,53,53,52,52,51,52,52,52,51,52,52,52,52,51,107,64,52,53,52,86,131,132,130,117,61,54,55,54,52,53,52,52,52,52,52,52,52,52,51,52,52,61,111,53,53,52,53,54,54,54,54,89,149,69,57,54,54,53,53,52,53,53,52,52,51,52,52,52,51,99,75,53,52,53,53,53,54,53,52,53,74,157,60,56,54,53,53,53,52,52,51,52,52,52,52,53,52,123,56,53,51,51,53,53,52,53,52,53,53,142,65,54,54,54,52,53,53,53,52,52,52,52,52,50,95,85,90,90,84,87,72,57,53,53,51,57,74,152,77,54,54,53,53,52,53,53,52,52,52,52,51,49,117,55,52,68,81,88,130,127,121,130,140,154,152,100,58,56,53,53,52,53,54,52,52,52,54,52,51,67,115,52,52,52,51,52,52,55,55,61,55,54,53,54,55,54,53,52,52,53,53,52,52,52,53,52,50,115,77,52,52,51,52,53,52,52,52,51,52,52,53,52,52,53,53,53,52,52,52,52,52,53,53,52,52,130,56,52,52,52,52,52,52,52,52,52,52,51,51,51,51,52,52,53,52,52,52,51,51,52,52,52,87,110,55,53,53,52,52,52,52,53,53,52,52,52,53,52,52,52,52,52,52,51,52,51,51,52,53,53,144,88,53,53,53,52,52,52,53,53,53,52,51,52,53,53,53,52,52,51,52,52,52,52,53,51,52,72,176,62,53,53,53,52,52,52,52,52,54,55,55,54,55,54,53,53,52,52,52,51,52,53,53,52,50,113,129,54,52,52,52,52,52,52,53,53,53,54,54,53,53,54,53,53,52,52,52,51,52,53,53,52,51,165,70,53,52,52,52,52,52,52,52,52,52,53,54,54,53,53,53,53,53,52,52,51,52,53,53,52,53,64,52,52,52,52,52,52,52,52,52,53,53,54,55,55,54,53,54,53,52,52,52,52,53,53,53,53,54,54,53,53,52,52,53,52,52,53,53,53,53,52,53,54,54,53,52,53,52,52,53,53,53
beta_008.png,52,53,53,53,52,53,52,51,51,51,51,51,51,50,51,52,52,52,51,51,52,51,51,52,52,52,52,52,53,53,52,53,53,52,51,51,51,51,51,52,51,51,52,52,52,53,52,51,52,51,52,52,53,52,52,52,54,53,52,52,52,51,51,50,51,51,51,52,52,51,53,53,53,53,53,51,52,52,52,52,53,53,53,52,55,53,54,53,53,50,52,52,51,51,51,51,51,52,52,53,54,53,53,52,52,52,52,52,53,53,54,53,55,54,54,53,53,52,52,52,51,51,52,52,51,53,52,53,54,54,52,53,53,52,52,53,52,52,53,53,54,53,53,53,53,51,52,52,51,52,52,52,51,50,52,51,50,53,52,53,53,52,52,53,53,53,52,52,53,53,53,53,53,52,51,52,52,51,51,52,51,53,91,110,109,107,77,55,52,53,53,53,53,52,52,53,53,54,53,53,54,53,52,52,52,52,52,50,68,127,96,74,73,86,121,108,54,54,54,53,52,52,53,52,54,54,53,53,52,53,52,52,52,52,51,58,124,60,54,53,53,53,54,100,88,54,54,54,53,53,53,54,53,53,53,53,53,53,53,52,53,52,55,125,60,53,54,54,53,53,53,63,125,55,54,54,54,53,53,53,52,53,52,52,53,53,53,53,53,51,108,81,53,53,54,54,53,53,51,80,109,54,54,55,54,53,53,53,53,53,53,52,53,53,54,53,52,57,111,52,54,53,54,53,52,52,90,146,55,55,54,54,54,53,54,53,54,53,53,53,53,53,53,52,53,103,68,53,52,52,52,52,58,126,138,60,54,53,54,54,53,53,53,52,54,54,54,54,54,53,53,52,60,118,54,53,53,54,64,83,131,94,57,54,54,54,53,53,53,53,53,53,54,54,54,53,53,53,53,52,91,85,54,53,53,59,120,110,58,56,57,56,55,54,54,54,54,53,53,52,54,53,53,52,52,53,53,52,119,57,53,53,53,53,58,114,124,58,56,56,55,54,55,53,53,53,52,53,52,52,52,52,52,53,52,69,96,72,67,54,53,54,55,54,86,141,62,56,55,54,54,53,53,52,52,53,53,52,52,52,51,52,51,100,68,119,92,64,56,53,53,55,63,138,73,56,55,54,54,53,52,52,52,53,53,53,51,52,52,52,56,113,56,56,83,103,115,132,141,142,131,101,56,55,54,55,54,53,52,52,52,52,53,52,52,52,52,51,81,85,56,54,54,52,53,52,52,53,55,55,55,54,54,54,53,53,52,52,52,52,53,53,52,53,53,52,123,85,55,54,53,53,53,53,54,54,54,54,54,54,55,53,53,53,53,54,53,52,53,53,53,53,55,61,132,114,53,54,53,53,53,53,53,54,54,55,55,55,53,54,53,53,53,53,53,52,53,53,53,53,53,99,146,91,53,54,54,53,53,53,53,54,54,54,55,54,53,53,53,53,53,53,53,51,54,54,54,53,53,106,148,60,54,54,54,54,53,53,53,54,54,54,54,54,53,53,53,53,53,53,53,52,54,54,54,55,53,142,111,55,55,55,54,54,54,54,54,54,54,54,55,55,54,53,54,54,54,53,53,53,54,55,54,54,52,97,62,54,56,55,55,55,55,54,54,54,54,54,54,54,54,54,54,54,54,53,52,52,54,54,53,54,53,55,56,56,57,55,55,56,55,54,54,54,55,55,54,54,55,54,54,54,53,53,53,52,54,54,54,53,53,55,55,55,56,56,56,55,54,54,55,55,55,55,54,54,54,53,54,53,53,53,51,52
gamma_008.png,57,57,57,57,57,57,58,62,60,60,61,59,57,57,56,56,56,56,56,56,56,55,55,55,56,56,56,56,57,57,58,57,57,57,57,60,59,59,59,60,58,57,57,56,56,56,56,56,56,55,56,56,56,56,57,56,57,57,57,57,57,56,57,58,59,60,59,61,60,57,57,57,56,56,56,56,56,55,54,56,57,56,56,56,58,58,57,57,57,57,58,59,60,60,60,61,60,60,59,56,56,56,56,56,89,74,55,56,57,57,58,57,58,57,58,57,57,58,57,57,56,57,58,59,59,60,58,57,56,56,58,87,129,101,56,56,56,56,57,57,57,57,57,57,57,58,61,62,90,126,81,64,58,58,58,58,57,56,71,165,59,57,56,56,56,56,58,57,58,58,58,57,58,58,59,61,87,84,132,123,59,58,58,58,56,56,146,84,56,56,57,56,56,56,58,57,58,59,58,57,58,59,59,58,67,57,58,127,76,58,59,58,58,112,109,56,56,57,56,57,56,56,57,58,58,59,58,58,59,59,60,59,59,57,56,61,155,63,58,57,77,165,61,57,57,57,57,57,56,57,57,58,59,58,58,58,59,60,59,58,58,57,57,56,116,93,58,55,152,91,58,57,57,58,57,57,57,57,58,58,59,58,58,58,59,58,57,58,58,58,57,57,76,135,56,98,126,57,57,58,57,57,57,58,57,57,57,57,58,58,57,57,58,57,57,59,58,59,59,58,60,146,68,165,62,56,57,57,57,57,57,57,57,57,57,58,58,58,57,58,58,57,59,60,60,61,60,60,60,142,135,96,56,57,56,56,57,57,57,57,57,57,57,58,59,58,58,58,58,58,62,62,63,62,62,61,84,148,151,58,57,57,57,57,57,58,57,57,58,58,59,58,58,59,58,58,58,59,60,61,60,60,61,60,61,150,78,57,58,59,57,58,57,57,58,58,59,58,59,58,58,58,58,58,58,59,60,61,60,61,62,59,89,135,57,57,57,57,58,57,57,57,58,58,58,59,59,59,59,58,58,58,59,59,60,60,59,63,64,59,154,68,57,57,58,58,59,59,58,58,59,58,58,60,59,58,58,58,59,58,59,61,64,61,60,61,62,96,108,57,57,57,58,59,60,60,59,58,58,58,61,60,58,58,59,58,58,58,58,59,61,63,61,61,62,144,59,57,57,57,58,59,60,60,59,58,58,57,57,57,57,57,59,58,59,59,58,59,59,60,62,60,77,118,56,58,57,58,57,58,59,59,59,58,58,57,57,57,57,57,59,59,59,59,59,59,61,61,61,60,117,70,59,58,57,57,58,58,59,60,59,59,60,59,59,59,58,57,59,60,59,59,59,60,63,62,62,61,113,61,60,59,57,57,59,59,60,60,61,60,60,60,60,59,58,58,59,59,59,59,60,61,62,61,60,59,84,60,59,59,57,58,58,59,59,60,60,60,60,60,59,58,58,58,59,59,59,60,60,61,64,61,61,60,69,63,59,59,58,57,58,59,58,58,59,60,60,61,60,59,58,58,59,60,60,59,60,60,63,62,64,63,63,61,59,59,58,59,58,58,59,58,59,60,60,59,59,59,58,58,61,61,60,61,60,60,60,60,60,61,61,60,60,60,58,57,58,58,58,59,59,59,59,60,59,58,58,58,65,62,60,60,60,60,62,62,59,60,61,60,59,59,59,59,59,59,59,60,60,58,58,58,58,58,58,58,63,67,63,60,60,62,64,64,63,65,64,61,61,59,59,58,59,59,59,61,60,60,57,58,58,59,59,58
gamma_009.png,58,58,57,57,56,56,55,55,54,55,54,54,54,55,54,54,54,55,55,55,55,55,54,54,53,54,54,54,57,57,57,57,56,56,55,55,54,54,54,54,54,54,53,54,55,55,55,55,55,55,54,54,53,54,54,55,57,57,57,57,56,55,55,54,54,54,55,54,55,54,55,55,55,56,55,55,55,55,53,54,54,55,55,55,57,57,57,56,56,55,54,54,54,54,54,54,54,55,55,55,55,55,55,54,55,54,53,53,53,54,55,55,57,57,57,56,56,55,55,54,55,55,55,55,54,55,55,55,55,55,54,55,54,67,143,122,56,55,54,55,58,57,58,56,55,55,55,55,55,56,54,54,55,55,54,55,55,55,55,56,59,153,86,57,54,55,54,54,57,57,57,56,55,55,55,56,55,67,101,58,54,55,55,55,55,55,56,54,130,103,56,54,54,55,55,55,57,57,57,56,56,56,56,56,56,60,99,103,54,55,55,56,56,55,54,111,111,56,56,54,55,55,54,55,57,57,56,56,56,56,56,56,56,56,57,143,59,56,56,56,56,54,121,127,57,55,54,55,55,55,54,55,57,57,58,57,57,56,56,57,57,57,53,134,64,57,57,55,56,103,126,57,57,56,56,56,55,55,55,55,56,56,56,58,57,56,56,56,57,56,55,97,86,55,55,53,93,151,62,56,57,56,55,56,55,55,56,55,56,56,56,56,56,56,57,56,56,57,55,88,107,55,56,64,167,68,58,57,56,56,56,56,56,56,56,55,56,56,56,57,56,56,56,56,56,56,55,76,105,56,57,152,82,57,57,57,56,56,56,56,56,56,56,56,56,56,57,56,56,56,56,56,56,56,56,84,85,54,118,131,56,56,56,56,56,56,57,56,56,55,56,56,57,57,57,57,57,57,58,57,56,56,57,81,69,83,155,59,56,56,56,55,56,56,56,55,55,55,56,55,57,57,57,57,57,57,57,57,56,56,58,57,56,144,83,56,56,56,56,56,57,56,55,55,56,56,56,56,57,57,57,57,58,58,57,57,57,57,56,56,91,126,55,56,56,56,56,56,56,55,55,57,56,56,56,56,57,57,57,57,57,58,58,57,58,57,56,56,140,69,56,56,56,57,56,56,56,55,56,56,56,56,57,57,57,57,57,58,58,57,58,57,57,58,57,83,118,56,56,56,56,56,57,56,56,56,57,56,56,56,56,56,57,57,57,57,57,57,58,57,58,57,56,142,68,55,56,56,57,57,57,56,56,56,56,56,56,56,55,55,58,58,58,57,58,58,57,58,57,57,74,131,57,56,57,58,57,57,56,56,56,57,57,58,56,56,56,55,58,58,57,57,57,57,57,57,57,56,97,94,57,57,57,57,57,57,57,56,56,57,57,57,57,56,56,55,59,58,58,57,57,56,56,56,56,56,112,63,56,57,57,57,57,56,57,57,57,56,57,57,57,57,55,56,58,57,57,56,56,56,56,57,57,58,102,61,56,57,57,57,57,56,57,57,57,57,57,57,57,57,57,55,59,58,58,57,56,56,56,56,57,57,64,61,56,57,57,57,58,57,57,57,57,58,58,57,57,58,56,56,58,58,58,58,57,57,56,56,56,56,57,62,56,58,57,57,57,57,57,57,57,58,58,57,57,57,56,56,58,58,58,57,58,57,56,56,56,56,56,56,57,57,58,57,57,57,56,57,57,57,57,57,56,57,56,57,59,59,59,57,57,57,56,56,57,56,56,57,57,57,57,57,57,57,56,57,56,57,57,57,57,56,57,56
